CustomerID,recency_days,frequency,monetary,unique_products,avg_basket_value,avg_quantity,purchase_span_days,avg_interpurchase_days,future_orders,future_spend,churn_label
12347,40,5,124,82,1.0,1.0,237,59.25,2.0,58.0,0
12348,159,3,24,22,1.0,1.0,109,54.5,1.0,3.0,0
12352,172,5,36,26,1.0,1.0,34,8.5,3.0,47.0,0
12356,156,2,57,53,1.0,1.0,80,80.0,1.0,2.0,0
12359,100,3,143,135,1.0,1.0,141,70.5,1.0,100.0,0
12360,23,2,75,63,1.0,1.0,88,88.0,1.0,54.0,0
12362,30,4,105,89,1.0,1.0,175,58.333333333333336,6.0,161.0,0
12363,20,2,23,23,1.0,1.0,132,132.0,0.0,0.0,1
12365,201,2,22,22,1.0,1.0,0,0.0,0.0,0.0,1
12370,185,3,138,125,1.0,1.0,85,42.5,1.0,28.0,0
12372,123,2,39,32,1.0,1.0,83,83.0,1.0,13.0,0
12377,225,2,77,72,1.0,1.0,39,39.0,0.0,0.0,1
12383,95,5,99,84,1.0,1.0,167,41.75,0.0,0.0,1
12386,248,2,10,10,1.0,1.0,29,29.0,0.0,0.0,1
12388,58,4,70,50,1.0,1.0,178,59.333333333333336,2.0,30.0,0
12393,156,3,39,33,1.0,1.0,86,43.0,1.0,24.0,0
12395,22,8,96,65,1.0,1.0,258,36.857142857142854,4.0,60.0,0
12399,29,4,59,47,1.0,1.0,142,47.333333333333336,0.0,0.0,1
12407,44,4,64,50,1.0,1.0,130,43.333333333333336,1.0,13.0,0
12408,9,4,82,67,1.0,1.0,161,53.666666666666664,1.0,23.0,0
12410,219,2,26,26,1.0,1.0,0,0.0,0.0,0.0,1
12412,48,2,45,34,1.0,1.0,31,31.0,1.0,16.0,0
12413,146,2,28,25,1.0,1.0,100,100.0,1.0,10.0,0
12414,127,3,18,16,1.0,1.0,93,46.5,0.0,0.0,1
12415,9,15,601,382,1.0,1.0,238,17.0,6.0,115.0,0
12417,17,7,148,132,1.0,1.0,250,41.666666666666664,2.0,44.0,0
12421,25,3,36,25,1.0,1.0,204,102.0,1.0,9.0,0
12422,6,3,39,39,1.0,1.0,229,114.5,0.0,0.0,1
12423,11,7,108,86,1.0,1.0,252,42.0,1.0,17.0,0
12424,73,2,30,30,1.0,1.0,0,0.0,0.0,0.0,1
12428,30,8,279,252,1.0,1.0,163,23.285714285714285,1.0,15.0,0
12429,83,3,70,62,1.0,1.0,193,96.5,1.0,27.0,0
12431,29,11,184,134,1.0,1.0,254,25.4,4.0,51.0,0
12432,80,3,76,75,1.0,1.0,1,0.5,2.0,32.0,0
12433,1,3,228,151,1.0,1.0,282,141.0,4.0,192.0,0
12437,8,11,102,63,1.0,1.0,232,23.2,7.0,98.0,0
12444,32,2,105,96,1.0,1.0,49,49.0,3.0,71.0,0
12449,2,3,132,84,1.0,1.0,95,47.5,1.0,59.0,0
12450,66,2,8,7,1.0,1.0,17,17.0,0.0,0.0,1
12451,128,2,195,162,1.0,1.0,106,106.0,3.0,159.0,0
12455,38,5,71,67,1.0,1.0,169,42.25,1.0,19.0,0
12456,41,2,86,77,1.0,1.0,123,123.0,1.0,39.0,0
12457,144,3,25,23,1.0,1.0,5,2.5,4.0,37.0,0
12461,4,2,35,35,1.0,1.0,60,60.0,0.0,0.0,1
12463,85,3,61,51,1.0,1.0,66,33.0,1.0,22.0,0
12464,16,6,21,6,1.0,1.0,203,40.6,2.0,8.0,0
12468,98,2,38,36,1.0,1.0,128,128.0,0.0,0.0,1
12471,17,19,262,108,1.0,1.0,257,14.277777777777779,11.0,197.0,0
12472,49,5,249,180,1.0,1.0,230,57.5,2.0,90.0,0
12473,25,2,64,60,1.0,1.0,77,77.0,3.0,101.0,0
12474,9,13,247,153,1.0,1.0,231,19.25,5.0,175.0,0
12476,51,6,117,91,1.0,1.0,220,44.0,5.0,115.0,0
12477,11,3,199,156,1.0,1.0,200,100.0,3.0,101.0,0
12480,53,3,114,97,1.0,1.0,192,96.0,1.0,40.0,0
12481,90,8,156,112,1.0,1.0,186,26.571428571428573,2.0,60.0,0
12483,9,6,53,38,1.0,1.0,240,48.0,2.0,22.0,0
12484,11,4,277,222,1.0,1.0,235,78.33333333333333,2.0,56.0,0
12490,3,6,165,102,1.0,1.0,236,47.2,4.0,80.0,0
12493,76,2,22,20,1.0,1.0,31,31.0,0.0,0.0,1
12494,72,5,51,42,1.0,1.0,204,51.0,2.0,26.0,0
12500,17,6,32,20,1.0,1.0,227,45.4,5.0,29.0,0
12502,6,5,147,102,1.0,1.0,214,53.5,0.0,0.0,1
12507,44,3,22,19,1.0,1.0,164,82.0,0.0,0.0,1
12510,53,2,33,29,1.0,1.0,182,182.0,0.0,0.0,1
12517,36,2,175,173,1.0,1.0,63,63.0,3.0,96.0,0
12520,52,4,121,104,1.0,1.0,131,43.666666666666664,1.0,31.0,0
12523,18,7,63,49,1.0,1.0,224,37.333333333333336,4.0,43.0,0
12524,72,6,116,92,1.0,1.0,171,34.2,2.0,28.0,0
12527,205,2,15,15,1.0,1.0,30,30.0,1.0,3.0,0
12528,25,4,65,46,1.0,1.0,198,66.0,2.0,27.0,0
12530,34,3,46,39,1.0,1.0,213,106.5,1.0,20.0,0
12535,2,2,34,28,1.0,1.0,94,94.0,0.0,0.0,1
12539,172,3,230,125,1.0,1.0,71,35.5,1.0,43.0,0
12540,2,11,321,207,1.0,1.0,269,26.9,6.0,157.0,0
12541,83,2,28,27,1.0,1.0,107,107.0,1.0,24.0,0
12547,108,2,8,7,1.0,1.0,82,82.0,0.0,0.0,1
12553,20,7,135,81,1.0,1.0,219,36.5,3.0,56.0,0
12557,68,4,29,15,1.0,1.0,213,71.0,1.0,4.0,0
12559,221,2,21,21,1.0,1.0,8,8.0,0.0,0.0,1
12560,22,2,77,77,1.0,1.0,30,30.0,1.0,28.0,0
12562,37,3,78,53,1.0,1.0,71,35.5,4.0,90.0,0
12567,6,9,365,271,1.0,1.0,273,34.125,1.0,81.0,0
12569,2,15,92,48,1.0,1.0,160,11.428571428571429,17.0,96.0,0
12576,6,4,62,54,1.0,1.0,208,69.33333333333333,1.0,26.0,0
12582,149,2,22,21,1.0,1.0,49,49.0,0.0,0.0,1
12583,17,9,146,84,1.0,1.0,267,33.375,6.0,101.0,0
12584,37,4,34,27,1.0,1.0,153,51.0,5.0,62.0,0
12585,144,2,87,77,1.0,1.0,117,117.0,0.0,0.0,1
12590,121,2,68,68,1.0,1.0,0,0.0,0.0,0.0,1
12592,2,2,18,11,1.0,1.0,121,121.0,0.0,0.0,1
12593,19,3,21,14,1.0,1.0,110,55.0,0.0,0.0,1
12594,31,8,93,46,1.0,1.0,201,28.714285714285715,2.0,25.0,0
12597,93,2,78,72,1.0,1.0,85,85.0,2.0,128.0,0
12598,72,4,63,45,1.0,1.0,122,40.666666666666664,4.0,69.0,0
12599,37,6,48,25,1.0,1.0,177,35.4,1.0,14.0,0
12600,23,8,49,26,1.0,1.0,258,36.857142857142854,2.0,15.0,0
12601,100,5,28,21,1.0,1.0,142,35.5,0.0,0.0,1
12609,96,2,43,42,1.0,1.0,132,132.0,1.0,17.0,0
12610,16,2,72,68,1.0,1.0,19,19.0,3.0,34.0,0
12613,108,4,74,65,1.0,1.0,64,21.333333333333332,1.0,79.0,0
12616,5,2,32,25,1.0,1.0,202,202.0,0.0,0.0,1
12619,26,5,39,28,1.0,1.0,137,34.25,4.0,51.0,0
12621,10,15,346,208,1.0,1.0,265,18.928571428571427,5.0,121.0,0
12624,16,2,38,36,1.0,1.0,71,71.0,0.0,0.0,1
12625,122,2,86,73,1.0,1.0,107,107.0,0.0,0.0,1
12626,23,6,206,170,1.0,1.0,214,42.8,3.0,88.0,0
12627,6,5,141,112,1.0,1.0,44,11.0,2.0,89.0,0
12633,40,3,86,66,1.0,1.0,158,79.0,1.0,15.0,0
12637,2,7,311,176,1.0,1.0,232,38.666666666666664,1.0,66.0,0
12643,38,6,24,11,1.0,1.0,204,40.8,0.0,0.0,1
12645,20,3,59,52,1.0,1.0,206,103.0,1.0,14.0,0
12647,36,9,93,64,1.0,1.0,242,30.25,3.0,29.0,0
12649,17,3,31,28,1.0,1.0,105,52.5,0.0,0.0,1
12653,59,2,43,37,1.0,1.0,147,147.0,0.0,0.0,1
12654,108,3,22,19,1.0,1.0,97,48.5,2.0,16.0,0
12656,26,3,69,51,1.0,1.0,117,58.5,2.0,57.0,0
12662,17,7,157,96,1.0,1.0,266,44.333333333333336,4.0,73.0,0
12664,54,3,18,10,1.0,1.0,179,89.5,6.0,19.0,0
12668,169,3,123,104,1.0,1.0,96,48.0,1.0,38.0,0
12669,61,3,101,98,1.0,1.0,105,52.5,0.0,0.0,1
12670,9,3,58,40,1.0,1.0,133,66.5,2.0,34.0,0
12674,2,3,59,42,1.0,1.0,116,58.0,1.0,24.0,0
12676,34,4,30,21,1.0,1.0,187,62.333333333333336,2.0,15.0,0
12678,11,9,93,78,1.0,1.0,253,31.625,3.0,72.0,0
12679,116,2,44,43,1.0,1.0,77,77.0,2.0,4.0,0
12681,62,15,474,219,1.0,1.0,216,15.428571428571429,7.0,164.0,0
12682,11,20,355,149,1.0,1.0,270,14.210526315789474,11.0,169.0,0
12683,3,12,270,164,1.0,1.0,272,24.727272727272727,3.0,74.0,0
12684,81,4,58,37,1.0,1.0,42,14.0,3.0,47.0,0
12685,3,2,90,83,1.0,1.0,1,1.0,4.0,67.0,0
12691,55,4,21,16,1.0,1.0,212,70.66666666666667,2.0,11.0,0
12693,37,4,39,35,1.0,1.0,192,64.0,0.0,0.0,1
12695,17,2,19,17,1.0,1.0,102,102.0,2.0,8.0,0
12697,41,2,29,27,1.0,1.0,37,37.0,1.0,12.0,0
12700,66,2,122,110,1.0,1.0,58,58.0,2.0,146.0,0
12704,16,3,50,40,1.0,1.0,63,31.5,5.0,38.0,0
12705,68,4,206,177,1.0,1.0,198,66.0,5.0,128.0,0
12708,12,7,119,71,1.0,1.0,266,44.333333333333336,3.0,38.0,0
12709,6,11,139,89,1.0,1.0,270,27.0,4.0,68.0,0
12710,7,3,77,75,1.0,1.0,104,52.0,0.0,0.0,1
12712,17,11,114,54,1.0,1.0,264,26.4,2.0,19.0,0
12714,17,4,191,167,1.0,1.0,187,62.333333333333336,1.0,68.0,0
12717,61,2,55,49,1.0,1.0,94,94.0,0.0,0.0,1
12720,4,17,238,164,1.0,1.0,274,17.125,8.0,116.0,0
12721,93,4,102,88,1.0,1.0,171,57.0,2.0,59.0,0
12722,25,3,50,48,1.0,1.0,35,17.5,1.0,3.0,0
12724,83,2,18,15,1.0,1.0,158,158.0,2.0,35.0,0
12726,95,5,67,40,1.0,1.0,172,43.0,2.0,57.0,0
12727,5,6,116,91,1.0,1.0,224,44.8,1.0,23.0,0
12728,167,3,33,29,1.0,1.0,74,37.0,1.0,13.0,0
12731,54,8,179,84,1.0,1.0,220,31.428571428571427,4.0,95.0,0
12735,225,2,43,38,1.0,1.0,21,21.0,0.0,0.0,1
12743,44,2,129,114,1.0,1.0,0,0.0,0.0,0.0,1
12744,55,5,185,163,1.0,1.0,173,43.25,2.0,33.0,0
12747,20,8,70,34,1.0,1.0,259,37.0,3.0,33.0,0
12748,1,132,1930,1165,1.0,1.0,282,2.1526717557251906,78.0,2356.0,0
12749,41,3,128,113,1.0,1.0,82,41.0,2.0,71.0,0
12753,46,5,166,114,1.0,1.0,226,56.5,1.0,31.0,0
12754,146,3,63,49,1.0,1.0,72,36.0,0.0,0.0,1
12755,191,2,4,4,1.0,1.0,85,85.0,0.0,0.0,1
12757,53,7,120,89,1.0,1.0,68,11.333333333333334,6.0,232.0,0
12758,27,2,97,84,1.0,1.0,159,159.0,0.0,0.0,1
12759,82,2,66,60,1.0,1.0,104,104.0,1.0,29.0,0
12763,48,2,18,16,1.0,1.0,230,230.0,0.0,0.0,1
12766,59,5,227,161,1.0,1.0,216,54.0,2.0,83.0,0
12775,100,4,52,36,1.0,1.0,121,40.333333333333336,1.0,14.0,0
12778,93,4,31,25,1.0,1.0,129,43.0,2.0,19.0,0
12779,100,7,104,68,1.0,1.0,181,30.166666666666668,1.0,45.0,0
12782,60,4,89,73,1.0,1.0,207,69.0,1.0,14.0,0
12787,2,2,16,15,1.0,1.0,101,101.0,1.0,4.0,0
12793,245,2,24,21,1.0,1.0,36,36.0,0.0,0.0,1
12808,95,2,16,16,1.0,1.0,184,184.0,1.0,12.0,0
12811,171,3,31,27,1.0,1.0,23,11.5,0.0,0.0,1
12815,58,2,47,38,1.0,1.0,50,50.0,0.0,0.0,1
12816,6,2,29,27,1.0,1.0,80,80.0,0.0,0.0,1
12823,37,4,4,1,1.0,1.0,169,56.333333333333336,1.0,1.0,0
12826,89,4,56,50,1.0,1.0,186,62.0,3.0,35.0,0
12828,9,3,25,23,1.0,1.0,31,15.5,3.0,31.0,0
12829,247,2,11,9,1.0,1.0,23,23.0,0.0,0.0,1
12830,1,5,36,13,1.0,1.0,80,20.0,1.0,2.0,0
12836,47,3,125,110,1.0,1.0,174,87.0,1.0,47.0,0
12839,2,9,181,73,1.0,1.0,274,34.25,5.0,132.0,0
12840,54,4,113,67,1.0,1.0,82,27.333333333333332,0.0,0.0,1
12841,17,17,293,167,1.0,1.0,265,16.5625,8.0,119.0,0
12843,70,7,99,68,1.0,1.0,104,17.333333333333332,1.0,1.0,0
12845,177,4,27,26,1.0,1.0,22,7.333333333333333,0.0,0.0,1
12853,45,6,78,66,1.0,1.0,181,36.2,0.0,0.0,1
12854,151,2,75,71,1.0,1.0,77,77.0,1.0,32.0,0
12857,121,2,46,37,1.0,1.0,91,91.0,0.0,0.0,1
12867,6,6,421,206,1.0,1.0,263,52.6,1.0,103.0,0
12868,96,6,107,72,1.0,1.0,187,37.4,0.0,0.0,1
12872,237,2,66,58,1.0,1.0,38,38.0,0.0,0.0,1
12875,53,2,2,1,1.0,1.0,219,219.0,0.0,0.0,1
12877,35,9,73,41,1.0,1.0,233,29.125,3.0,81.0,0
12878,146,2,47,38,1.0,1.0,29,29.0,0.0,0.0,1
12888,124,2,5,4,1.0,1.0,41,41.0,0.0,0.0,1
12891,96,3,3,2,1.0,1.0,107,53.5,0.0,0.0,1
12897,115,2,4,3,1.0,1.0,97,97.0,0.0,0.0,1
12901,19,19,90,29,1.0,1.0,162,9.0,9.0,26.0,0
12908,86,2,2,1,1.0,1.0,136,136.0,0.0,0.0,1
12909,112,3,65,55,1.0,1.0,51,25.5,2.0,26.0,0
12910,44,4,36,26,1.0,1.0,107,35.666666666666664,4.0,39.0,0
12913,193,3,15,12,1.0,1.0,85,42.5,2.0,35.0,0
12915,59,2,22,19,1.0,1.0,223,223.0,0.0,0.0,1
12916,49,4,97,53,1.0,1.0,181,60.333333333333336,0.0,0.0,1
12919,27,3,16,12,1.0,1.0,53,26.5,3.0,34.0,0
12921,8,24,461,173,1.0,1.0,274,11.91304347826087,13.0,259.0,0
12924,108,3,13,10,1.0,1.0,129,64.5,1.0,14.0,0
12928,58,3,54,42,1.0,1.0,211,105.5,2.0,30.0,0
12931,12,11,60,27,1.0,1.0,256,25.6,4.0,20.0,0
12933,81,2,48,48,1.0,1.0,112,112.0,1.0,57.0,0
12935,20,4,92,58,1.0,1.0,209,69.66666666666667,3.0,37.0,0
12937,107,2,28,27,1.0,1.0,69,69.0,2.0,92.0,0
12939,48,4,31,20,1.0,1.0,196,65.33333333333333,4.0,16.0,0
12942,41,3,70,68,1.0,1.0,234,117.0,0.0,0.0,1
12947,54,6,97,83,1.0,1.0,229,45.8,0.0,0.0,1
12948,15,4,85,64,1.0,1.0,159,53.0,3.0,31.0,0
12949,24,7,179,144,1.0,1.0,138,23.0,1.0,36.0,0
12951,84,5,45,39,1.0,1.0,157,39.25,1.0,18.0,0
12955,3,6,82,42,1.0,1.0,175,35.0,5.0,98.0,0
12957,96,4,108,97,1.0,1.0,153,51.0,4.0,130.0,0
12967,268,2,19,19,1.0,1.0,13,13.0,0.0,0.0,1
12970,232,2,8,8,1.0,1.0,0,0.0,2.0,109.0,0
12971,2,64,213,80,1.0,1.0,279,4.428571428571429,22.0,92.0,0
12980,68,9,20,6,1.0,1.0,200,25.0,0.0,0.0,1
12989,68,8,26,14,1.0,1.0,206,29.428571428571427,7.0,38.0,0
12990,95,2,7,5,1.0,1.0,124,124.0,1.0,6.0,0
12993,31,3,24,23,1.0,1.0,177,88.5,1.0,3.0,0
12994,30,2,41,38,1.0,1.0,148,148.0,1.0,20.0,0
12997,146,2,33,30,1.0,1.0,80,80.0,2.0,26.0,0
12999,106,3,28,25,1.0,1.0,49,24.5,0.0,0.0,1
13000,17,3,31,30,1.0,1.0,258,129.0,0.0,0.0,1
13001,68,11,291,154,1.0,1.0,168,16.8,2.0,38.0,0
13003,16,3,6,4,1.0,1.0,109,54.5,0.0,0.0,1
13004,24,12,270,193,1.0,1.0,243,22.09090909090909,6.0,134.0,0
13005,84,2,26,21,1.0,1.0,72,72.0,0.0,0.0,1
13012,59,4,51,42,1.0,1.0,146,48.666666666666664,4.0,37.0,0
13013,3,9,174,137,1.0,1.0,278,34.75,4.0,45.0,0
13014,24,5,63,53,1.0,1.0,167,41.75,5.0,47.0,0
13015,107,4,88,80,1.0,1.0,52,17.333333333333332,1.0,87.0,0
13018,3,18,328,242,1.0,1.0,203,11.941176470588236,10.0,130.0,0
13021,77,4,58,48,1.0,1.0,192,64.0,5.0,73.0,0
13026,3,3,17,13,1.0,1.0,182,91.0,2.0,23.0,0
13027,24,6,26,6,1.0,1.0,240,48.0,0.0,0.0,1
13029,49,2,7,6,1.0,1.0,214,214.0,1.0,3.0,0
13037,48,3,48,44,1.0,1.0,118,59.0,0.0,0.0,1
13038,94,2,22,22,1.0,1.0,106,106.0,1.0,6.0,0
13047,37,8,140,84,1.0,1.0,246,35.142857142857146,2.0,32.0,0
13048,24,3,104,69,1.0,1.0,213,106.5,1.0,30.0,0
13050,16,13,324,211,1.0,1.0,260,21.666666666666668,4.0,77.0,0
13064,63,2,35,31,1.0,1.0,174,174.0,2.0,32.0,0
13069,10,20,362,250,1.0,1.0,270,14.210526315789474,4.0,57.0,0
13077,200,3,62,61,1.0,1.0,76,38.0,1.0,49.0,0
13078,17,15,254,81,1.0,1.0,260,18.571428571428573,11.0,104.0,0
13079,1,2,2,1,1.0,1.0,49,49.0,3.0,4.0,0
13081,54,8,754,424,1.0,1.0,227,32.42857142857143,3.0,274.0,0
13082,36,9,73,63,1.0,1.0,212,26.5,0.0,0.0,1
13085,68,2,22,17,1.0,1.0,137,137.0,0.0,0.0,1
13089,10,71,1404,537,1.0,1.0,270,3.857142857142857,26.0,408.0,0
13090,46,9,76,56,1.0,1.0,236,29.5,5.0,79.0,0
13092,122,4,21,15,1.0,1.0,147,49.0,1.0,4.0,0
13093,186,8,159,97,1.0,1.0,97,13.857142857142858,0.0,0.0,1
13094,40,10,20,4,1.0,1.0,239,26.555555555555557,2.0,4.0,0
13097,33,8,317,181,1.0,1.0,237,33.857142857142854,2.0,99.0,0
13098,4,18,381,110,1.0,1.0,223,13.117647058823529,10.0,191.0,0
13102,44,19,250,112,1.0,1.0,231,12.833333333333334,5.0,54.0,0
13104,43,3,4,3,1.0,1.0,221,110.5,3.0,16.0,0
13107,86,2,36,36,1.0,1.0,157,157.0,2.0,22.0,0
13110,47,5,103,79,1.0,1.0,174,43.5,2.0,41.0,0
13113,24,20,176,93,1.0,1.0,252,13.263157894736842,4.0,24.0,0
13117,32,7,66,57,1.0,1.0,250,41.666666666666664,1.0,10.0,0
13118,118,3,48,40,1.0,1.0,80,40.0,2.0,31.0,0
13122,4,2,55,54,1.0,1.0,146,146.0,0.0,0.0,1
13124,162,2,140,131,1.0,1.0,106,106.0,1.0,75.0,0
13126,163,5,66,61,1.0,1.0,113,28.25,3.0,74.0,0
13133,184,2,7,7,1.0,1.0,30,30.0,0.0,0.0,1
13134,94,3,46,42,1.0,1.0,56,28.0,1.0,52.0,0
13136,53,3,65,55,1.0,1.0,69,34.5,2.0,62.0,0
13137,3,5,357,231,1.0,1.0,216,54.0,3.0,287.0,0
13138,43,3,33,22,1.0,1.0,238,119.0,3.0,30.0,0
13139,20,3,50,39,1.0,1.0,149,74.5,4.0,120.0,0
13140,18,3,45,40,1.0,1.0,258,129.0,0.0,0.0,1
13141,124,4,89,77,1.0,1.0,101,33.666666666666664,1.0,46.0,0
13145,2,3,5,5,1.0,1.0,280,140.0,1.0,1.0,0
13148,44,10,228,173,1.0,1.0,230,25.555555555555557,2.0,72.0,0
13149,16,3,64,58,1.0,1.0,182,91.0,1.0,22.0,0
13155,237,2,62,55,1.0,1.0,41,41.0,2.0,22.0,0
13157,51,3,43,32,1.0,1.0,157,78.5,1.0,44.0,0
13158,5,4,79,59,1.0,1.0,224,74.66666666666667,0.0,0.0,1
13159,16,2,75,75,1.0,1.0,9,9.0,2.0,44.0,0
13162,32,4,79,74,1.0,1.0,212,70.66666666666667,0.0,0.0,1
13167,41,2,36,33,1.0,1.0,12,12.0,2.0,29.0,0
13168,109,3,105,94,1.0,1.0,119,59.5,1.0,19.0,0
13174,226,2,190,178,1.0,1.0,52,52.0,1.0,68.0,0
13178,43,8,205,81,1.0,1.0,227,32.42857142857143,3.0,60.0,0
13183,11,6,72,50,1.0,1.0,233,46.6,3.0,22.0,0
13184,41,9,157,122,1.0,1.0,159,19.875,1.0,21.0,0
13186,4,2,63,57,1.0,1.0,35,35.0,1.0,16.0,0
13192,5,2,63,57,1.0,1.0,109,109.0,0.0,0.0,1
13198,31,5,202,182,1.0,1.0,241,60.25,1.0,24.0,0
13199,2,22,66,29,1.0,1.0,274,13.047619047619047,16.0,53.0,0
13203,31,2,20,20,1.0,1.0,121,121.0,2.0,37.0,0
13208,65,4,109,97,1.0,1.0,153,51.0,2.0,37.0,0
13209,39,5,238,200,1.0,1.0,233,58.25,3.0,82.0,0
13211,5,2,44,43,1.0,1.0,266,266.0,1.0,10.0,0
13213,38,4,51,44,1.0,1.0,71,23.666666666666668,1.0,39.0,0
13217,32,3,4,3,1.0,1.0,34,17.0,0.0,0.0,1
13220,96,3,17,15,1.0,1.0,51,25.5,1.0,4.0,0
13221,150,2,66,62,1.0,1.0,119,119.0,0.0,0.0,1
13223,110,2,5,5,1.0,1.0,31,31.0,0.0,0.0,1
13225,53,5,21,15,1.0,1.0,218,54.5,2.0,11.0,0
13230,48,12,429,302,1.0,1.0,226,20.545454545454547,2.0,144.0,0
13232,8,5,162,129,1.0,1.0,144,36.0,2.0,38.0,0
13238,74,2,16,14,1.0,1.0,196,196.0,2.0,15.0,0
13240,6,4,66,59,1.0,1.0,269,89.66666666666667,0.0,0.0,1
13242,22,3,13,12,1.0,1.0,101,50.5,0.0,0.0,1
13246,86,5,111,89,1.0,1.0,153,38.25,1.0,24.0,0
13248,35,2,26,25,1.0,1.0,64,64.0,0.0,0.0,1
13249,2,3,23,21,1.0,1.0,168,84.0,0.0,0.0,1
13253,67,2,36,35,1.0,1.0,182,182.0,0.0,0.0,1
13261,179,2,9,8,1.0,1.0,17,17.0,0.0,0.0,1
13263,18,23,1143,358,1.0,1.0,217,9.863636363636363,12.0,512.0,0
13265,94,3,61,44,1.0,1.0,89,44.5,2.0,29.0,0
13266,23,8,117,54,1.0,1.0,143,20.428571428571427,4.0,70.0,0
13267,2,15,148,68,1.0,1.0,274,19.571428571428573,4.0,63.0,0
13268,80,6,290,206,1.0,1.0,97,19.4,5.0,137.0,0
13269,20,8,207,133,1.0,1.0,260,37.142857142857146,7.0,107.0,0
13277,26,2,4,4,1.0,1.0,17,17.0,2.0,4.0,0
13280,32,3,80,67,1.0,1.0,214,107.0,0.0,0.0,1
13282,72,2,22,15,1.0,1.0,58,58.0,1.0,15.0,0
13285,71,3,137,122,1.0,1.0,128,64.0,1.0,50.0,0
13294,100,2,54,48,1.0,1.0,59,59.0,0.0,0.0,1
13301,14,4,81,75,1.0,1.0,188,62.666666666666664,0.0,0.0,1
13305,3,8,58,37,1.0,1.0,279,39.857142857142854,2.0,23.0,0
13309,117,2,47,43,1.0,1.0,102,102.0,3.0,60.0,0
13310,116,2,52,50,1.0,1.0,117,117.0,1.0,20.0,0
13313,51,3,47,32,1.0,1.0,198,99.0,2.0,31.0,0
13316,42,2,48,40,1.0,1.0,122,122.0,2.0,38.0,0
13317,109,5,68,56,1.0,1.0,160,40.0,1.0,56.0,0
13319,2,19,358,163,1.0,1.0,274,15.222222222222221,7.0,118.0,0
13320,17,3,70,59,1.0,1.0,107,53.5,1.0,35.0,0
13324,113,7,39,17,1.0,1.0,157,26.166666666666668,3.0,36.0,0
13327,23,7,87,60,1.0,1.0,252,42.0,1.0,21.0,0
13330,3,3,53,37,1.0,1.0,223,111.5,0.0,0.0,1
13334,101,2,208,176,1.0,1.0,114,114.0,1.0,52.0,0
13340,16,5,112,111,1.0,1.0,170,42.5,2.0,22.0,0
13362,156,2,93,92,1.0,1.0,41,41.0,2.0,73.0,0
13368,167,2,29,29,1.0,1.0,80,80.0,0.0,0.0,1
13373,69,2,106,95,1.0,1.0,117,117.0,1.0,52.0,0
13376,9,3,53,45,1.0,1.0,135,67.5,0.0,0.0,1
13381,23,4,116,63,1.0,1.0,185,61.666666666666664,2.0,56.0,0
13384,39,2,74,70,1.0,1.0,49,49.0,5.0,78.0,0
13388,41,2,35,35,1.0,1.0,0,0.0,0.0,0.0,1
13394,26,5,95,76,1.0,1.0,193,48.25,3.0,60.0,0
13397,21,4,29,22,1.0,1.0,228,76.0,1.0,9.0,0
13402,37,2,39,32,1.0,1.0,244,244.0,0.0,0.0,1
13405,114,2,25,24,1.0,1.0,113,113.0,1.0,1.0,0
13408,10,41,316,178,1.0,1.0,273,6.825,21.0,162.0,0
13410,97,3,15,11,1.0,1.0,104,52.0,2.0,13.0,0
13414,44,3,24,23,1.0,1.0,162,81.0,0.0,0.0,1
13418,9,15,250,191,1.0,1.0,273,19.5,3.0,54.0,0
13420,60,2,8,8,1.0,1.0,20,20.0,0.0,0.0,1
13425,18,3,78,66,1.0,1.0,186,93.0,0.0,0.0,1
13426,93,5,83,62,1.0,1.0,176,44.0,5.0,74.0,0
13427,30,2,23,19,1.0,1.0,94,94.0,1.0,6.0,0
13435,20,3,37,31,1.0,1.0,78,39.0,4.0,63.0,0
13437,9,4,120,108,1.0,1.0,91,30.333333333333332,3.0,47.0,0
13448,129,4,71,65,1.0,1.0,155,51.666666666666664,2.0,119.0,0
13450,35,4,43,21,1.0,1.0,93,31.0,2.0,28.0,0
13451,36,4,354,284,1.0,1.0,208,69.33333333333333,1.0,70.0,0
13452,169,2,2,1,1.0,1.0,11,11.0,0.0,0.0,1
13453,76,2,17,16,1.0,1.0,123,123.0,0.0,0.0,1
13456,65,3,23,18,1.0,1.0,51,25.5,3.0,40.0,0
13458,10,10,292,201,1.0,1.0,260,28.88888888888889,4.0,90.0,0
13461,49,2,17,12,1.0,1.0,25,25.0,1.0,10.0,0
13468,3,29,243,161,1.0,1.0,280,10.0,8.0,59.0,0
13470,9,2,10,7,1.0,1.0,15,15.0,0.0,0.0,1
13475,101,4,86,64,1.0,1.0,107,35.666666666666664,0.0,0.0,1
13476,89,2,58,56,1.0,1.0,102,102.0,0.0,0.0,1
13477,48,4,49,38,1.0,1.0,153,51.0,2.0,30.0,0
13479,111,2,15,14,1.0,1.0,33,33.0,0.0,0.0,1
13481,18,4,82,74,1.0,1.0,148,49.333333333333336,1.0,27.0,0
13486,38,2,52,52,1.0,1.0,26,26.0,1.0,17.0,0
13487,123,2,24,21,1.0,1.0,140,140.0,1.0,10.0,0
13488,31,9,306,231,1.0,1.0,246,30.75,4.0,116.0,0
13489,15,4,14,11,1.0,1.0,189,63.0,0.0,0.0,1
13491,58,9,78,66,1.0,1.0,224,28.0,1.0,8.0,0
13492,46,3,50,38,1.0,1.0,78,39.0,0.0,0.0,1
13493,185,2,8,6,1.0,1.0,11,11.0,0.0,0.0,1
13495,142,3,28,20,1.0,1.0,136,68.0,2.0,20.0,0
13497,193,2,19,19,1.0,1.0,85,85.0,0.0,0.0,1
13499,135,2,21,18,1.0,1.0,44,44.0,3.0,21.0,0
13502,185,2,9,9,1.0,1.0,48,48.0,1.0,9.0,0
13505,77,3,123,110,1.0,1.0,66,33.0,1.0,92.0,0
13506,226,2,26,26,1.0,1.0,53,53.0,0.0,0.0,1
13507,8,3,128,123,1.0,1.0,47,23.5,1.0,34.0,0
13509,10,5,31,24,1.0,1.0,184,46.0,2.0,13.0,0
13510,5,2,61,53,1.0,1.0,88,88.0,2.0,54.0,0
13515,27,3,35,30,1.0,1.0,130,65.0,1.0,24.0,0
13517,17,2,108,99,1.0,1.0,73,73.0,1.0,33.0,0
13520,48,5,72,40,1.0,1.0,234,58.5,1.0,21.0,0
13523,110,3,102,92,1.0,1.0,166,83.0,2.0,70.0,0
13524,12,3,18,14,1.0,1.0,118,59.0,2.0,9.0,0
13527,15,4,125,110,1.0,1.0,221,73.66666666666667,3.0,84.0,0
13531,115,2,22,17,1.0,1.0,161,161.0,0.0,0.0,1
13533,93,3,73,61,1.0,1.0,84,42.0,0.0,0.0,1
13534,18,21,234,101,1.0,1.0,250,12.5,4.0,62.0,0
13538,4,6,20,8,1.0,1.0,221,44.2,1.0,5.0,0
13539,150,2,21,21,1.0,1.0,68,68.0,1.0,16.0,0
13548,6,2,120,114,1.0,1.0,147,147.0,0.0,0.0,1
13549,52,5,43,34,1.0,1.0,99,24.75,2.0,8.0,0
13552,34,9,75,61,1.0,1.0,192,24.0,3.0,33.0,0
13555,112,2,55,55,1.0,1.0,0,0.0,2.0,80.0,0
13562,51,2,53,44,1.0,1.0,104,104.0,1.0,29.0,0
13564,54,3,79,68,1.0,1.0,223,111.5,0.0,0.0,1
13571,3,7,177,110,1.0,1.0,160,26.666666666666668,5.0,159.0,0
13575,44,2,13,13,1.0,1.0,42,42.0,3.0,33.0,0
13576,7,13,70,41,1.0,1.0,276,23.0,5.0,56.0,0
13577,3,3,67,49,1.0,1.0,149,74.5,1.0,16.0,0
13588,10,4,104,101,1.0,1.0,155,51.666666666666664,5.0,70.0,0
13590,61,4,51,46,1.0,1.0,152,50.666666666666664,2.0,36.0,0
13591,114,2,38,36,1.0,1.0,62,62.0,1.0,20.0,0
13592,116,3,13,12,1.0,1.0,58,29.0,1.0,3.0,0
13593,18,5,127,77,1.0,1.0,227,56.75,0.0,0.0,1
13599,67,8,86,71,1.0,1.0,210,30.0,13.0,159.0,0
13606,153,2,37,37,1.0,1.0,68,68.0,1.0,3.0,0
13610,20,5,160,140,1.0,1.0,174,43.5,2.0,52.0,0
13611,81,2,32,31,1.0,1.0,189,189.0,1.0,39.0,0
13614,74,2,84,82,1.0,1.0,166,166.0,2.0,108.0,0
13617,23,2,28,23,1.0,1.0,67,67.0,1.0,16.0,0
13623,120,4,63,61,1.0,1.0,87,29.0,1.0,15.0,0
13627,86,3,64,62,1.0,1.0,181,90.5,2.0,28.0,0
13629,9,8,50,27,1.0,1.0,239,34.142857142857146,3.0,9.0,0
13630,16,5,61,49,1.0,1.0,179,44.75,2.0,10.0,0
13631,10,11,11,6,1.0,1.0,167,16.7,0.0,0.0,1
13632,84,3,84,70,1.0,1.0,69,34.5,2.0,61.0,0
13634,16,3,89,73,1.0,1.0,220,110.0,2.0,95.0,0
13636,32,4,41,36,1.0,1.0,163,54.333333333333336,1.0,22.0,0
13637,97,2,87,75,1.0,1.0,39,39.0,1.0,8.0,0
13643,9,2,14,13,1.0,1.0,86,86.0,1.0,14.0,0
13647,85,2,33,33,1.0,1.0,59,59.0,2.0,45.0,0
13649,167,2,23,23,1.0,1.0,109,109.0,0.0,0.0,1
13650,117,2,36,33,1.0,1.0,60,60.0,4.0,60.0,0
13652,167,2,38,33,1.0,1.0,112,112.0,1.0,25.0,0
13654,55,4,109,100,1.0,1.0,128,42.666666666666664,2.0,57.0,0
13655,24,2,56,52,1.0,1.0,127,127.0,0.0,0.0,1
13656,75,2,49,49,1.0,1.0,172,172.0,0.0,0.0,1
13659,116,2,97,92,1.0,1.0,115,115.0,0.0,0.0,1
13662,122,2,34,33,1.0,1.0,47,47.0,1.0,18.0,0
13666,197,2,8,8,1.0,1.0,0,0.0,1.0,4.0,0
13668,23,16,325,218,1.0,1.0,249,16.6,5.0,135.0,0
13672,211,2,6,4,1.0,1.0,30,30.0,0.0,0.0,1
13675,61,2,25,25,1.0,1.0,133,133.0,0.0,0.0,1
13680,248,2,70,69,1.0,1.0,1,1.0,2.0,121.0,0
13692,124,2,32,32,1.0,1.0,22,22.0,1.0,21.0,0
13694,17,39,445,309,1.0,1.0,266,7.0,11.0,123.0,0
13695,8,12,64,35,1.0,1.0,161,14.636363636363637,3.0,26.0,0
13700,3,8,176,138,1.0,1.0,234,33.42857142857143,2.0,18.0,0
13705,55,2,21,20,1.0,1.0,228,228.0,1.0,7.0,0
13707,177,2,48,48,1.0,1.0,48,48.0,0.0,0.0,1
13709,12,5,168,125,1.0,1.0,213,53.25,8.0,167.0,0
13711,129,2,13,11,1.0,1.0,0,0.0,0.0,0.0,1
13715,191,5,103,89,1.0,1.0,91,22.75,0.0,0.0,1
13717,39,4,71,64,1.0,1.0,169,56.333333333333336,2.0,31.0,0
13718,156,2,12,9,1.0,1.0,49,49.0,0.0,0.0,1
13719,115,2,20,19,1.0,1.0,28,28.0,3.0,40.0,0
13720,27,4,43,42,1.0,1.0,138,46.0,0.0,0.0,1
13722,42,3,85,75,1.0,1.0,151,75.5,0.0,0.0,1
13725,79,7,95,86,1.0,1.0,139,23.166666666666668,1.0,9.0,0
13728,17,5,50,29,1.0,1.0,203,50.75,1.0,13.0,0
13730,46,2,43,38,1.0,1.0,25,25.0,0.0,0.0,1
13731,129,2,38,36,1.0,1.0,27,27.0,0.0,0.0,1
13735,86,2,102,88,1.0,1.0,58,58.0,2.0,92.0,0
13741,94,2,20,20,1.0,1.0,33,33.0,1.0,14.0,0
13742,72,10,251,163,1.0,1.0,157,17.444444444444443,2.0,54.0,0
13743,18,5,30,8,1.0,1.0,151,37.75,2.0,11.0,0
13744,5,2,63,54,1.0,1.0,197,197.0,0.0,0.0,1
13748,6,5,28,24,1.0,1.0,278,69.5,0.0,0.0,1
13750,50,4,19,16,1.0,1.0,196,65.33333333333333,1.0,5.0,0
13752,34,6,75,64,1.0,1.0,122,24.4,0.0,0.0,1
13754,62,2,12,11,1.0,1.0,165,165.0,0.0,0.0,1
13756,3,8,91,55,1.0,1.0,274,39.142857142857146,6.0,51.0,0
13758,111,5,94,87,1.0,1.0,172,43.0,2.0,22.0,0
13764,54,2,133,123,1.0,1.0,193,193.0,1.0,70.0,0
13767,19,28,281,50,1.0,1.0,264,9.777777777777779,9.0,87.0,0
13769,2,8,101,61,1.0,1.0,275,39.285714285714285,2.0,34.0,0
13771,109,2,70,65,1.0,1.0,47,47.0,2.0,49.0,0
13772,7,2,103,96,1.0,1.0,142,142.0,1.0,59.0,0
13777,39,24,119,35,1.0,1.0,243,10.565217391304348,9.0,78.0,0
13782,35,3,60,59,1.0,1.0,203,101.5,3.0,53.0,0
13784,5,9,27,9,1.0,1.0,237,29.625,2.0,4.0,0
13791,38,2,11,7,1.0,1.0,40,40.0,0.0,0.0,1
13798,3,42,256,95,1.0,1.0,278,6.780487804878049,15.0,90.0,0
13799,27,2,39,32,1.0,1.0,177,177.0,0.0,0.0,1
13802,49,3,60,55,1.0,1.0,172,86.0,0.0,0.0,1
13804,7,4,87,81,1.0,1.0,193,64.33333333333333,3.0,48.0,0
13808,4,2,35,33,1.0,1.0,3,3.0,3.0,41.0,0
13811,94,3,13,7,1.0,1.0,55,27.5,0.0,0.0,1
13814,2,2,57,37,1.0,1.0,44,44.0,0.0,0.0,1
13815,82,2,136,110,1.0,1.0,146,146.0,2.0,40.0,0
13819,212,3,36,26,1.0,1.0,18,9.0,0.0,0.0,1
13821,55,2,59,51,1.0,1.0,116,116.0,0.0,0.0,1
13824,46,4,36,26,1.0,1.0,174,58.0,1.0,10.0,0
13827,44,2,61,59,1.0,1.0,9,9.0,1.0,31.0,0
13831,49,4,62,57,1.0,1.0,231,77.0,2.0,10.0,0
13835,65,2,34,28,1.0,1.0,59,59.0,2.0,21.0,0
13837,122,2,18,17,1.0,1.0,105,105.0,0.0,0.0,1
13838,28,3,112,106,1.0,1.0,252,126.0,1.0,45.0,0
13842,66,7,132,96,1.0,1.0,211,35.166666666666664,2.0,74.0,0
13846,152,2,43,43,1.0,1.0,117,117.0,1.0,12.0,0
13848,2,3,5,3,1.0,1.0,273,136.5,0.0,0.0,1
13851,6,3,81,77,1.0,1.0,192,96.0,0.0,0.0,1
13854,2,20,89,35,1.0,1.0,273,14.368421052631579,5.0,21.0,0
13856,79,3,14,10,1.0,1.0,34,17.0,0.0,0.0,1
13862,18,6,110,77,1.0,1.0,223,44.6,2.0,29.0,0
13865,47,3,23,23,1.0,1.0,152,76.0,1.0,7.0,0
13869,33,4,299,234,1.0,1.0,233,77.66666666666667,0.0,0.0,1
13870,12,5,88,82,1.0,1.0,186,46.5,3.0,27.0,0
13871,2,9,245,120,1.0,1.0,216,27.0,4.0,91.0,0
13873,30,3,23,21,1.0,1.0,190,95.0,0.0,0.0,1
13875,44,4,81,66,1.0,1.0,167,55.666666666666664,1.0,23.0,0
13880,55,8,88,69,1.0,1.0,222,31.714285714285715,5.0,77.0,0
13881,6,11,121,65,1.0,1.0,216,21.6,9.0,57.0,0
13883,129,4,94,94,1.0,1.0,34,11.333333333333334,1.0,48.0,0
13884,187,3,10,10,1.0,1.0,5,2.5,2.0,48.0,0
13885,99,2,28,28,1.0,1.0,11,11.0,0.0,0.0,1
13888,30,2,39,38,1.0,1.0,98,98.0,0.0,0.0,1
13890,17,2,30,25,1.0,1.0,251,251.0,8.0,80.0,0
13895,53,2,45,39,1.0,1.0,21,21.0,2.0,73.0,0
13900,93,3,43,42,1.0,1.0,79,39.5,0.0,0.0,1
13901,18,4,134,129,1.0,1.0,211,70.33333333333333,1.0,15.0,0
13908,37,3,76,65,1.0,1.0,149,74.5,1.0,46.0,0
13911,54,8,144,120,1.0,1.0,163,23.285714285714285,1.0,4.0,0
13925,3,4,41,28,1.0,1.0,42,14.0,0.0,0.0,1
13928,17,2,13,13,1.0,1.0,26,26.0,2.0,14.0,0
13929,79,2,9,8,1.0,1.0,157,157.0,0.0,0.0,1
13931,6,2,58,56,1.0,1.0,185,185.0,0.0,0.0,1
13933,19,2,23,23,1.0,1.0,39,39.0,0.0,0.0,1
13939,19,2,34,32,1.0,1.0,203,203.0,1.0,11.0,0
13940,27,2,27,25,1.0,1.0,27,27.0,2.0,22.0,0
13941,82,3,28,20,1.0,1.0,200,100.0,2.0,17.0,0
13946,112,2,9,9,1.0,1.0,66,66.0,1.0,2.0,0
13951,86,3,39,38,1.0,1.0,118,59.0,0.0,0.0,1
13952,128,2,137,120,1.0,1.0,20,20.0,0.0,0.0,1
13953,26,5,12,8,1.0,1.0,236,59.0,2.0,8.0,0
13955,64,2,33,33,1.0,1.0,151,151.0,0.0,0.0,1
13956,48,3,103,95,1.0,1.0,133,66.5,2.0,38.0,0
13959,191,2,34,31,1.0,1.0,81,81.0,1.0,52.0,0
13963,218,4,35,35,1.0,1.0,59,19.666666666666668,0.0,0.0,1
13969,17,11,342,221,1.0,1.0,257,25.7,7.0,270.0,0
13971,16,6,108,95,1.0,1.0,179,35.8,2.0,41.0,0
13975,38,4,204,166,1.0,1.0,148,49.333333333333336,2.0,116.0,0
13982,73,3,71,45,1.0,1.0,202,101.0,1.0,38.0,0
13983,97,8,74,65,1.0,1.0,179,25.571428571428573,4.0,31.0,0
13984,36,4,12,10,1.0,1.0,239,79.66666666666667,1.0,4.0,0
13985,17,7,156,55,1.0,1.0,156,26.0,8.0,194.0,0
13988,73,3,112,99,1.0,1.0,92,46.0,3.0,122.0,0
13993,11,6,93,59,1.0,1.0,230,46.0,3.0,28.0,0
13994,16,2,21,18,1.0,1.0,42,42.0,4.0,123.0,0
13995,26,3,54,39,1.0,1.0,130,65.0,2.0,32.0,0
13999,6,9,154,90,1.0,1.0,265,33.125,3.0,54.0,0
14001,143,2,24,21,1.0,1.0,140,140.0,1.0,15.0,0
14002,44,2,47,47,1.0,1.0,22,22.0,0.0,0.0,1
14004,8,5,115,69,1.0,1.0,190,47.5,2.0,56.0,0
14005,44,3,38,29,1.0,1.0,81,40.5,2.0,46.0,0
14006,26,3,30,22,1.0,1.0,196,98.0,0.0,0.0,1
14009,108,2,42,42,1.0,1.0,7,7.0,0.0,0.0,1
14013,20,3,34,30,1.0,1.0,165,82.5,0.0,0.0,1
14016,72,4,161,154,1.0,1.0,195,65.0,0.0,0.0,1
14019,8,2,42,28,1.0,1.0,39,39.0,1.0,24.0,0
14021,65,3,22,22,1.0,1.0,101,50.5,0.0,0.0,1
14024,32,2,16,16,1.0,1.0,2,2.0,0.0,0.0,1
14030,31,6,164,147,1.0,1.0,245,49.0,2.0,77.0,0
14031,36,13,174,101,1.0,1.0,245,20.416666666666668,6.0,76.0,0
14032,79,6,96,43,1.0,1.0,198,39.6,5.0,47.0,0
14034,67,2,25,23,1.0,1.0,0,0.0,1.0,59.0,0
14035,17,3,26,18,1.0,1.0,190,95.0,2.0,39.0,0
14037,86,2,28,27,1.0,1.0,188,188.0,0.0,0.0,1
14038,54,2,65,49,1.0,1.0,63,63.0,1.0,27.0,0
14040,4,10,173,122,1.0,1.0,236,26.22222222222222,2.0,50.0,0
14044,13,3,182,144,1.0,1.0,206,103.0,1.0,24.0,0
14045,19,4,6,4,1.0,1.0,264,88.0,0.0,0.0,1
14047,110,3,18,15,1.0,1.0,173,86.5,2.0,14.0,0
14049,69,3,272,211,1.0,1.0,159,79.5,1.0,204.0,0
14051,2,16,128,43,1.0,1.0,274,18.266666666666666,7.0,81.0,0
14053,34,2,3,2,1.0,1.0,35,35.0,0.0,0.0,1
14056,17,17,719,274,1.0,1.0,177,11.0625,6.0,347.0,0
14057,11,13,237,155,1.0,1.0,259,21.583333333333332,4.0,46.0,0
14060,18,14,139,67,1.0,1.0,264,20.307692307692307,5.0,63.0,0
14062,2,10,96,57,1.0,1.0,272,30.22222222222222,2.0,15.0,0
14064,23,4,53,44,1.0,1.0,161,53.666666666666664,1.0,18.0,0
14071,170,2,29,22,1.0,1.0,4,4.0,6.0,292.0,0
14077,92,3,34,30,1.0,1.0,91,45.5,2.0,8.0,0
14078,12,6,65,46,1.0,1.0,271,54.2,0.0,0.0,1
14081,212,2,145,126,1.0,1.0,67,67.0,0.0,0.0,1
14083,36,7,98,92,1.0,1.0,245,40.833333333333336,2.0,79.0,0
14085,51,12,341,228,1.0,1.0,227,20.636363636363637,6.0,104.0,0
14088,39,7,295,232,1.0,1.0,193,32.166666666666664,6.0,294.0,0
14092,10,10,157,96,1.0,1.0,258,28.666666666666668,4.0,57.0,0
14096,1,3,59,56,1.0,1.0,10,5.0,14.0,5021.0,0
14099,30,8,200,143,1.0,1.0,234,33.42857142857143,3.0,50.0,0
14101,53,5,30,15,1.0,1.0,183,45.75,1.0,5.0,0
14104,65,2,21,21,1.0,1.0,11,11.0,0.0,0.0,1
14107,6,6,115,58,1.0,1.0,268,53.6,1.0,8.0,0
14110,29,5,102,65,1.0,1.0,147,36.75,7.0,54.0,0
14111,6,3,5,5,1.0,1.0,146,73.0,1.0,5.0,0
14112,41,4,110,89,1.0,1.0,145,48.333333333333336,3.0,50.0,0
14114,184,2,15,15,1.0,1.0,56,56.0,0.0,0.0,1
14116,3,2,33,29,1.0,1.0,28,28.0,3.0,39.0,0
14127,33,3,44,39,1.0,1.0,187,93.5,0.0,0.0,1
14129,6,3,34,28,1.0,1.0,165,82.5,2.0,18.0,0
14132,24,5,87,48,1.0,1.0,69,17.25,6.0,113.0,0
14133,40,3,28,25,1.0,1.0,186,93.0,0.0,0.0,1
14135,15,10,106,82,1.0,1.0,267,29.666666666666668,5.0,28.0,0
14145,67,3,8,6,1.0,1.0,60,30.0,1.0,3.0,0
14146,165,2,65,62,1.0,1.0,102,102.0,3.0,145.0,0
14154,149,2,52,52,1.0,1.0,0,0.0,0.0,0.0,1
14156,3,42,1196,642,1.0,1.0,278,6.780487804878049,13.0,197.0,0
14159,6,7,702,399,1.0,1.0,267,44.5,4.0,434.0,0
14161,126,3,101,87,1.0,1.0,153,76.5,0.0,0.0,1
14162,84,2,25,25,1.0,1.0,118,118.0,0.0,0.0,1
14163,62,3,42,31,1.0,1.0,86,43.0,1.0,10.0,0
14167,75,3,37,23,1.0,1.0,166,83.0,1.0,11.0,0
14175,81,2,59,58,1.0,1.0,158,158.0,1.0,90.0,0
14176,207,4,31,28,1.0,1.0,70,23.333333333333332,0.0,0.0,1
14177,6,3,38,37,1.0,1.0,84,42.0,1.0,3.0,0
14178,8,3,93,87,1.0,1.0,84,42.0,4.0,216.0,0
14180,1,22,218,107,1.0,1.0,281,13.380952380952381,3.0,22.0,0
14188,19,4,43,25,1.0,1.0,200,66.66666666666667,2.0,22.0,0
14189,6,11,184,125,1.0,1.0,272,27.2,4.0,81.0,0
14191,18,7,113,71,1.0,1.0,112,18.666666666666668,6.0,146.0,0
14194,16,12,317,203,1.0,1.0,201,18.272727272727273,9.0,262.0,0
14195,112,2,7,7,1.0,1.0,50,50.0,0.0,0.0,1
14198,55,2,21,21,1.0,1.0,94,94.0,2.0,18.0,0
14201,59,5,24,19,1.0,1.0,210,52.5,2.0,13.0,0
14209,31,5,81,54,1.0,1.0,211,52.75,1.0,6.0,0
14210,16,6,102,66,1.0,1.0,265,53.0,0.0,0.0,1
14211,7,6,61,53,1.0,1.0,198,39.6,3.0,51.0,0
14214,66,3,59,56,1.0,1.0,121,60.5,2.0,8.0,0
14215,97,4,62,58,1.0,1.0,181,60.333333333333336,2.0,46.0,0
14217,10,10,63,54,1.0,1.0,266,29.555555555555557,7.0,37.0,0
14220,157,2,21,21,1.0,1.0,110,110.0,0.0,0.0,1
14221,23,7,137,91,1.0,1.0,226,37.666666666666664,2.0,56.0,0
14223,2,3,60,50,1.0,1.0,171,85.5,0.0,0.0,1
14224,20,4,111,105,1.0,1.0,209,69.66666666666667,0.0,0.0,1
14226,120,2,40,40,1.0,1.0,58,58.0,3.0,25.0,0
14227,106,7,134,104,1.0,1.0,88,14.666666666666666,3.0,41.0,0
14229,202,2,26,23,1.0,1.0,41,41.0,1.0,14.0,0
14231,94,3,50,47,1.0,1.0,104,52.0,0.0,0.0,1
14232,25,4,91,71,1.0,1.0,149,49.666666666666664,1.0,24.0,0
14233,122,3,20,15,1.0,1.0,105,52.5,1.0,15.0,0
14235,68,4,72,62,1.0,1.0,102,34.0,1.0,7.0,0
14239,5,9,91,71,1.0,1.0,221,27.625,2.0,21.0,0
14242,145,2,16,13,1.0,1.0,91,91.0,0.0,0.0,1
14243,5,8,127,93,1.0,1.0,270,38.57142857142857,2.0,14.0,0
14245,130,2,108,107,1.0,1.0,43,43.0,0.0,0.0,1
14246,21,3,75,57,1.0,1.0,135,67.5,0.0,0.0,1
14256,170,2,53,51,1.0,1.0,104,104.0,0.0,0.0,1
14257,33,4,100,84,1.0,1.0,195,65.0,1.0,6.0,0
14258,62,7,87,52,1.0,1.0,185,30.833333333333332,2.0,24.0,0
14262,17,3,51,42,1.0,1.0,133,66.5,5.0,92.0,0
14264,65,2,17,15,1.0,1.0,90,90.0,0.0,0.0,1
14265,19,2,31,31,1.0,1.0,39,39.0,0.0,0.0,1
14267,73,3,55,25,1.0,1.0,97,48.5,0.0,0.0,1
14273,46,3,23,18,1.0,1.0,106,53.0,1.0,6.0,0
14276,9,3,64,52,1.0,1.0,191,95.5,0.0,0.0,1
14282,20,9,92,58,1.0,1.0,257,32.125,6.0,62.0,0
14287,109,2,4,4,1.0,1.0,0,0.0,1.0,5.0,0
14289,45,5,42,33,1.0,1.0,154,38.5,1.0,5.0,0
14291,31,7,139,96,1.0,1.0,154,25.666666666666668,4.0,98.0,0
14292,56,4,62,50,1.0,1.0,137,45.666666666666664,5.0,38.0,0
14293,57,3,40,40,1.0,1.0,221,110.5,1.0,21.0,0
14298,9,37,1291,720,1.0,1.0,261,7.25,7.0,346.0,0
14299,18,5,76,70,1.0,1.0,258,64.5,4.0,67.0,0
14305,24,2,63,62,1.0,1.0,21,21.0,1.0,42.0,0
14307,45,4,144,119,1.0,1.0,238,79.33333333333333,2.0,36.0,0
14309,4,7,83,62,1.0,1.0,264,44.0,2.0,34.0,0
14312,1,5,58,51,1.0,1.0,245,61.25,1.0,29.0,0
14315,39,5,68,49,1.0,1.0,137,34.25,1.0,33.0,0
14320,117,2,31,29,1.0,1.0,126,126.0,0.0,0.0,1
14321,27,3,78,75,1.0,1.0,216,108.0,2.0,45.0,0
14323,25,2,36,32,1.0,1.0,123,123.0,0.0,0.0,1
14329,19,4,193,169,1.0,1.0,220,73.33333333333333,3.0,65.0,0
14331,34,2,28,27,1.0,1.0,10,10.0,0.0,0.0,1
14334,4,7,148,96,1.0,1.0,264,44.0,1.0,14.0,0
14336,108,3,59,53,1.0,1.0,77,38.5,1.0,31.0,0
14338,71,2,31,30,1.0,1.0,35,35.0,0.0,0.0,1
14341,40,6,65,54,1.0,1.0,188,37.6,2.0,62.0,0
14342,47,2,11,11,1.0,1.0,73,73.0,2.0,10.0,0
14344,37,8,70,56,1.0,1.0,241,34.42857142857143,0.0,0.0,1
14346,31,2,60,55,1.0,1.0,176,176.0,0.0,0.0,1
14352,67,4,45,44,1.0,1.0,116,38.666666666666664,0.0,0.0,1
14364,19,8,69,61,1.0,1.0,102,14.571428571428571,0.0,0.0,1
14367,48,10,335,209,1.0,1.0,138,15.333333333333334,6.0,185.0,0
14377,101,2,11,11,1.0,1.0,70,70.0,0.0,0.0,1
14388,1,6,133,93,1.0,1.0,281,56.2,2.0,53.0,0
14390,54,4,140,95,1.0,1.0,228,76.0,5.0,141.0,0
14395,88,6,181,114,1.0,1.0,194,38.8,3.0,154.0,0
14397,4,10,42,16,1.0,1.0,119,13.222222222222221,9.0,45.0,0
14401,6,10,134,78,1.0,1.0,264,29.333333333333332,3.0,48.0,0
14403,40,4,20,17,1.0,1.0,116,38.666666666666664,0.0,0.0,1
14404,19,5,86,64,1.0,1.0,260,65.0,1.0,13.0,0
14407,17,6,73,67,1.0,1.0,169,33.8,0.0,0.0,1
14408,5,6,96,59,1.0,1.0,169,33.8,1.0,8.0,0
14409,33,5,46,36,1.0,1.0,245,61.25,1.0,8.0,0
14410,2,9,186,153,1.0,1.0,213,26.625,0.0,0.0,1
14414,2,7,97,79,1.0,1.0,267,44.5,0.0,0.0,1
14415,8,9,370,196,1.0,1.0,262,32.75,4.0,198.0,0
14419,163,2,56,45,1.0,1.0,112,112.0,4.0,144.0,0
14422,80,2,61,57,1.0,1.0,96,96.0,4.0,161.0,0
14426,51,6,174,151,1.0,1.0,172,34.4,4.0,50.0,0
14428,150,2,28,25,1.0,1.0,85,85.0,3.0,103.0,0
14440,227,2,31,25,1.0,1.0,48,48.0,3.0,24.0,0
14441,5,2,23,22,1.0,1.0,160,160.0,2.0,28.0,0
14442,115,2,63,58,1.0,1.0,112,112.0,0.0,0.0,1
14443,49,3,65,58,1.0,1.0,230,115.0,1.0,28.0,0
14447,106,2,39,34,1.0,1.0,84,84.0,3.0,31.0,0
14449,157,2,105,98,1.0,1.0,125,125.0,2.0,132.0,0
14450,91,3,40,32,1.0,1.0,139,69.5,0.0,0.0,1
14456,41,3,240,220,1.0,1.0,11,5.5,6.0,681.0,0
14460,20,3,16,14,1.0,1.0,200,100.0,0.0,0.0,1
14461,58,3,180,173,1.0,1.0,113,56.5,0.0,0.0,1
14462,31,9,172,126,1.0,1.0,218,27.25,2.0,51.0,0
14463,8,3,6,6,1.0,1.0,107,53.5,0.0,0.0,1
14465,157,3,120,107,1.0,1.0,56,28.0,0.0,0.0,1
14466,26,5,48,28,1.0,1.0,256,64.0,2.0,24.0,0
14472,14,8,253,153,1.0,1.0,251,35.857142857142854,0.0,0.0,1
14475,96,2,28,23,1.0,1.0,118,118.0,1.0,14.0,0
14477,94,2,3,3,1.0,1.0,112,112.0,2.0,7.0,0
14479,164,2,18,18,1.0,1.0,111,111.0,0.0,0.0,1
14481,75,2,30,25,1.0,1.0,122,122.0,0.0,0.0,1
14482,9,2,21,20,1.0,1.0,140,140.0,4.0,111.0,0
14491,85,2,17,17,1.0,1.0,197,197.0,0.0,0.0,1
14496,222,2,19,16,1.0,1.0,61,61.0,0.0,0.0,1
14498,26,4,118,104,1.0,1.0,245,81.66666666666667,1.0,74.0,0
14499,44,2,85,71,1.0,1.0,144,144.0,1.0,97.0,0
14500,22,2,5,5,1.0,1.0,77,77.0,1.0,1.0,0
14501,94,2,10,9,1.0,1.0,136,136.0,0.0,0.0,1
14502,59,7,274,201,1.0,1.0,163,27.166666666666668,4.0,315.0,0
14504,153,3,96,81,1.0,1.0,35,17.5,1.0,11.0,0
14505,19,6,498,388,1.0,1.0,252,50.4,2.0,258.0,0
14506,72,3,97,82,1.0,1.0,207,103.5,2.0,187.0,0
14507,11,4,81,71,1.0,1.0,174,58.0,2.0,14.0,0
14511,2,2,16,16,1.0,1.0,41,41.0,3.0,52.0,0
14512,98,2,23,19,1.0,1.0,44,44.0,0.0,0.0,1
14513,11,3,12,11,1.0,1.0,188,94.0,0.0,0.0,1
14514,111,2,38,36,1.0,1.0,129,129.0,1.0,29.0,0
14515,101,2,30,25,1.0,1.0,27,27.0,4.0,68.0,0
14522,2,2,15,15,1.0,1.0,105,105.0,2.0,2.0,0
14524,89,5,135,113,1.0,1.0,182,45.5,4.0,61.0,0
14525,10,7,189,163,1.0,1.0,260,43.333333333333336,2.0,89.0,0
14527,9,40,639,263,1.0,1.0,270,6.923076923076923,15.0,332.0,0
14530,3,5,185,121,1.0,1.0,203,50.75,1.0,27.0,0
14532,146,4,64,45,1.0,1.0,115,38.333333333333336,0.0,0.0,1
14533,23,2,24,23,1.0,1.0,240,240.0,5.0,38.0,0
14534,6,14,381,264,1.0,1.0,222,17.076923076923077,4.0,113.0,0
14535,37,2,189,166,1.0,1.0,121,121.0,1.0,136.0,0
14541,79,7,94,70,1.0,1.0,150,25.0,1.0,3.0,0
14543,19,13,61,37,1.0,1.0,256,21.333333333333332,3.0,9.0,0
14546,112,2,142,126,1.0,1.0,46,46.0,3.0,252.0,0
14548,61,2,4,2,1.0,1.0,167,167.0,0.0,0.0,1
14553,129,2,39,35,1.0,1.0,120,120.0,3.0,73.0,0
14560,5,15,46,25,1.0,1.0,263,18.785714285714285,7.0,28.0,0
14561,72,2,36,35,1.0,1.0,22,22.0,1.0,33.0,0
14562,2,7,192,121,1.0,1.0,212,35.333333333333336,11.0,216.0,0
14565,6,4,127,111,1.0,1.0,265,88.33333333333333,0.0,0.0,1
14570,191,2,29,29,1.0,1.0,0,0.0,0.0,0.0,1
14572,20,5,197,153,1.0,1.0,213,53.25,2.0,52.0,0
14573,90,9,224,127,1.0,1.0,192,24.0,0.0,0.0,1
14577,74,3,86,70,1.0,1.0,199,99.5,1.0,33.0,0
14583,54,4,198,172,1.0,1.0,61,20.333333333333332,1.0,83.0,0
14584,79,4,98,68,1.0,1.0,29,9.666666666666666,0.0,0.0,1
14587,94,8,347,166,1.0,1.0,147,21.0,1.0,20.0,0
14593,109,2,61,54,1.0,1.0,0,0.0,1.0,82.0,0
14606,4,71,2008,718,1.0,1.0,279,3.9857142857142858,22.0,652.0,0
14609,53,3,3,2,1.0,1.0,153,76.5,1.0,1.0,0
14616,153,3,3,2,1.0,1.0,74,37.0,0.0,0.0,1
14620,116,2,26,26,1.0,1.0,78,78.0,0.0,0.0,1
14621,67,3,47,45,1.0,1.0,201,100.5,2.0,45.0,0
14623,26,3,104,88,1.0,1.0,118,59.0,2.0,28.0,0
14625,106,2,53,51,1.0,1.0,164,164.0,0.0,0.0,1
14626,33,2,69,64,1.0,1.0,110,110.0,2.0,53.0,0
14628,1,2,24,22,1.0,1.0,151,151.0,0.0,0.0,1
14631,145,2,25,24,1.0,1.0,63,63.0,1.0,16.0,0
14639,30,4,115,93,1.0,1.0,240,80.0,2.0,57.0,0
14640,38,4,73,63,1.0,1.0,99,33.0,2.0,32.0,0
14643,80,2,31,30,1.0,1.0,187,187.0,0.0,0.0,1
14645,67,2,30,28,1.0,1.0,118,118.0,0.0,0.0,1
14646,3,43,1379,496,1.0,1.0,262,6.238095238095238,31.0,701.0,0
14649,122,2,48,48,1.0,1.0,0,0.0,2.0,127.0,0
14656,79,2,76,73,1.0,1.0,114,114.0,0.0,0.0,1
14657,65,3,91,83,1.0,1.0,171,85.5,1.0,31.0,0
14659,56,6,156,107,1.0,1.0,169,33.8,3.0,95.0,0
14662,145,3,84,82,1.0,1.0,81,40.5,1.0,69.0,0
14665,207,3,41,41,1.0,1.0,14,7.0,2.0,49.0,0
14667,5,18,400,268,1.0,1.0,273,16.058823529411764,7.0,161.0,0
14669,152,3,161,158,1.0,1.0,90,45.0,0.0,0.0,1
14670,190,2,118,107,1.0,1.0,0,0.0,0.0,0.0,1
14672,145,2,61,58,1.0,1.0,101,101.0,0.0,0.0,1
14676,58,4,28,19,1.0,1.0,135,45.0,2.0,14.0,0
14680,5,14,233,70,1.0,1.0,276,21.23076923076923,2.0,25.0,0
14682,98,2,2,1,1.0,1.0,13,13.0,0.0,0.0,1
14684,125,2,164,140,1.0,1.0,147,147.0,3.0,224.0,0
14688,3,16,252,112,1.0,1.0,281,18.733333333333334,5.0,69.0,0
14691,7,2,46,37,1.0,1.0,116,116.0,3.0,25.0,0
14692,47,4,64,53,1.0,1.0,185,61.666666666666664,0.0,0.0,1
14696,30,5,90,83,1.0,1.0,253,63.25,2.0,40.0,0
14697,128,2,22,22,1.0,1.0,0,0.0,0.0,0.0,1
14700,100,2,75,56,1.0,1.0,48,48.0,1.0,36.0,0
14701,83,7,226,188,1.0,1.0,143,23.833333333333332,2.0,90.0,0
14702,27,9,175,106,1.0,1.0,248,31.0,8.0,167.0,0
14704,53,2,59,56,1.0,1.0,37,37.0,7.0,303.0,0
14708,64,2,14,12,1.0,1.0,214,214.0,1.0,14.0,0
14709,4,9,155,65,1.0,1.0,264,33.0,4.0,41.0,0
14711,1,9,267,177,1.0,1.0,171,21.375,2.0,72.0,0
14713,9,9,272,130,1.0,1.0,266,33.25,2.0,65.0,0
14715,5,3,49,44,1.0,1.0,236,118.0,1.0,22.0,0
14719,89,2,77,70,1.0,1.0,69,69.0,3.0,154.0,0
14723,268,3,81,68,1.0,1.0,13,6.5,3.0,154.0,0
14730,17,5,179,142,1.0,1.0,169,42.25,3.0,257.0,0
14731,116,2,29,23,1.0,1.0,6,6.0,1.0,15.0,0
14732,54,5,94,72,1.0,1.0,195,48.75,3.0,53.0,0
14733,21,11,190,98,1.0,1.0,257,25.7,1.0,12.0,0
14735,9,23,121,66,1.0,1.0,259,11.772727272727273,9.0,73.0,0
14737,39,2,15,13,1.0,1.0,224,224.0,1.0,2.0,0
14738,44,5,33,28,1.0,1.0,182,45.5,2.0,21.0,0
14739,4,4,34,32,1.0,1.0,272,90.66666666666667,3.0,26.0,0
14740,107,3,89,85,1.0,1.0,86,43.0,0.0,0.0,1
14741,23,4,36,25,1.0,1.0,259,86.33333333333333,2.0,23.0,0
14744,208,5,17,14,1.0,1.0,69,17.25,2.0,9.0,0
14745,23,5,69,46,1.0,1.0,172,43.0,0.0,0.0,1
14748,34,4,75,75,1.0,1.0,245,81.66666666666667,1.0,14.0,0
14755,23,7,149,103,1.0,1.0,221,36.833333333333336,4.0,86.0,0
14758,55,4,71,54,1.0,1.0,114,38.0,0.0,0.0,1
14759,23,2,52,47,1.0,1.0,119,119.0,1.0,50.0,0
14765,22,2,8,8,1.0,1.0,63,63.0,1.0,31.0,0
14766,78,4,93,85,1.0,1.0,197,65.66666666666667,2.0,42.0,0
14769,18,6,629,478,1.0,1.0,249,49.8,2.0,412.0,0
14770,142,2,52,49,1.0,1.0,90,90.0,0.0,0.0,1
14775,48,2,40,39,1.0,1.0,234,234.0,1.0,20.0,0
14776,15,8,84,44,1.0,1.0,207,29.571428571428573,3.0,33.0,0
14778,37,2,35,34,1.0,1.0,181,181.0,0.0,0.0,1
14779,191,3,41,40,1.0,1.0,43,21.5,0.0,0.0,1
14790,30,2,28,22,1.0,1.0,134,134.0,2.0,18.0,0
14794,114,4,40,37,1.0,1.0,130,43.333333333333336,3.0,40.0,0
14796,5,14,890,338,1.0,1.0,272,20.923076923076923,3.0,225.0,0
14798,54,2,8,7,1.0,1.0,165,165.0,1.0,4.0,0
14800,20,9,320,209,1.0,1.0,260,32.5,3.0,58.0,0
14803,72,3,41,35,1.0,1.0,130,65.0,0.0,0.0,1
14808,54,6,180,146,1.0,1.0,28,5.6,2.0,42.0,0
14810,14,10,226,97,1.0,1.0,265,29.444444444444443,1.0,25.0,0
14813,280,2,26,25,1.0,1.0,0,0.0,0.0,0.0,1
14817,110,2,63,52,1.0,1.0,76,76.0,0.0,0.0,1
14818,79,2,25,23,1.0,1.0,84,84.0,1.0,23.0,0
14823,90,3,70,56,1.0,1.0,14,7.0,0.0,0.0,1
14825,38,7,79,68,1.0,1.0,240,40.0,5.0,38.0,0
14828,107,3,17,17,1.0,1.0,140,70.0,0.0,0.0,1
14829,94,3,34,33,1.0,1.0,187,93.5,1.0,8.0,0
14834,30,2,21,18,1.0,1.0,119,119.0,4.0,46.0,0
14837,15,3,90,82,1.0,1.0,96,48.0,1.0,18.0,0
14841,89,4,106,88,1.0,1.0,179,59.666666666666664,2.0,32.0,0
14842,5,3,90,86,1.0,1.0,212,106.0,1.0,55.0,0
14844,33,3,87,64,1.0,1.0,118,59.0,1.0,43.0,0
14849,5,17,292,145,1.0,1.0,278,17.375,8.0,96.0,0
14852,6,5,108,67,1.0,1.0,156,39.0,1.0,35.0,0
14854,43,6,109,95,1.0,1.0,141,28.2,1.0,17.0,0
14855,29,2,20,13,1.0,1.0,15,15.0,0.0,0.0,1
14866,16,4,27,25,1.0,1.0,260,86.66666666666667,8.0,72.0,0
14867,96,3,36,31,1.0,1.0,150,75.0,0.0,0.0,1
14868,30,4,72,59,1.0,1.0,113,37.666666666666664,4.0,72.0,0
14871,88,3,58,44,1.0,1.0,182,91.0,1.0,34.0,0
14875,18,2,47,46,1.0,1.0,155,155.0,0.0,0.0,1
14878,84,6,80,51,1.0,1.0,184,36.8,3.0,40.0,0
14880,95,2,25,25,1.0,1.0,103,103.0,1.0,21.0,0
14883,74,2,25,25,1.0,1.0,47,47.0,4.0,28.0,0
14891,58,2,33,30,1.0,1.0,39,39.0,0.0,0.0,1
14895,1,13,367,242,1.0,1.0,199,16.583333333333332,7.0,131.0,0
14896,115,2,43,43,1.0,1.0,160,160.0,0.0,0.0,1
14898,44,5,65,60,1.0,1.0,236,59.0,1.0,34.0,0
14901,12,5,60,50,1.0,1.0,271,67.75,4.0,35.0,0
14903,35,4,287,195,1.0,1.0,154,51.333333333333336,1.0,60.0,0
14905,68,2,17,14,1.0,1.0,76,76.0,0.0,0.0,1
14907,9,5,131,110,1.0,1.0,268,67.0,2.0,34.0,0
14911,3,112,2957,1230,1.0,1.0,280,2.5225225225225225,89.0,2715.0,0
14913,93,3,62,57,1.0,1.0,175,87.5,1.0,25.0,0
14915,1,2,12,12,1.0,1.0,186,186.0,0.0,0.0,1
14916,4,3,58,54,1.0,1.0,230,115.0,1.0,19.0,0
14918,26,2,45,39,1.0,1.0,38,38.0,0.0,0.0,1
14920,123,2,57,57,1.0,1.0,0,0.0,0.0,0.0,1
14930,19,3,127,116,1.0,1.0,165,82.5,0.0,0.0,1
14931,116,2,10,10,1.0,1.0,34,34.0,3.0,31.0,0
14936,19,3,219,124,1.0,1.0,167,83.5,5.0,145.0,0
14944,5,7,121,71,1.0,1.0,201,33.5,5.0,49.0,0
14948,8,4,41,39,1.0,1.0,120,40.0,2.0,22.0,0
14952,117,7,87,82,1.0,1.0,157,26.166666666666668,4.0,51.0,0
14958,57,3,41,33,1.0,1.0,98,49.0,0.0,0.0,1
14959,20,3,50,33,1.0,1.0,186,93.0,1.0,8.0,0
14961,1,7,231,158,1.0,1.0,269,44.833333333333336,2.0,81.0,0
14965,6,2,80,80,1.0,1.0,0,0.0,0.0,0.0,1
14970,47,3,17,10,1.0,1.0,179,89.5,1.0,17.0,0
14973,17,3,32,29,1.0,1.0,118,59.0,0.0,0.0,1
14976,11,4,54,38,1.0,1.0,225,75.0,3.0,18.0,0
14978,146,4,175,120,1.0,1.0,94,31.333333333333332,1.0,38.0,0
14985,108,2,82,78,1.0,1.0,159,159.0,0.0,0.0,1
14998,80,2,72,70,1.0,1.0,71,71.0,0.0,0.0,1
15002,26,4,112,93,1.0,1.0,251,83.66666666666667,0.0,0.0,1
15005,6,20,812,281,1.0,1.0,270,14.210526315789474,8.0,284.0,0
15018,163,2,17,17,1.0,1.0,114,114.0,1.0,14.0,0
15021,67,5,253,204,1.0,1.0,209,52.25,4.0,181.0,0
15023,26,8,409,271,1.0,1.0,253,36.142857142857146,3.0,134.0,0
15024,23,5,76,62,1.0,1.0,254,63.5,5.0,72.0,0
15026,150,2,26,24,1.0,1.0,37,37.0,1.0,35.0,0
15027,78,3,30,27,1.0,1.0,70,35.0,1.0,4.0,0
15031,20,2,43,42,1.0,1.0,172,172.0,2.0,67.0,0
15032,166,3,50,29,1.0,1.0,110,55.0,0.0,0.0,1
15033,19,6,271,203,1.0,1.0,220,44.0,4.0,210.0,0
15034,143,5,183,158,1.0,1.0,121,30.25,3.0,206.0,0
15036,87,2,50,49,1.0,1.0,2,2.0,1.0,65.0,0
15038,98,4,103,90,1.0,1.0,182,60.666666666666664,2.0,20.0,0
15039,2,38,1293,377,1.0,1.0,276,7.45945945945946,9.0,167.0,0
15044,46,13,268,147,1.0,1.0,225,18.75,4.0,165.0,0
15045,62,2,12,11,1.0,1.0,105,105.0,0.0,0.0,1
15046,7,11,160,124,1.0,1.0,241,24.1,4.0,40.0,0
15048,27,3,78,74,1.0,1.0,251,125.5,1.0,16.0,0
15053,66,2,39,28,1.0,1.0,125,125.0,1.0,28.0,0
15057,185,2,25,25,1.0,1.0,40,40.0,0.0,0.0,1
15058,35,7,165,131,1.0,1.0,187,31.166666666666668,4.0,93.0,0
15059,17,7,182,127,1.0,1.0,227,37.833333333333336,2.0,52.0,0
15061,38,37,298,59,1.0,1.0,244,6.777777777777778,11.0,105.0,0
15062,128,3,45,38,1.0,1.0,141,70.5,1.0,12.0,0
15065,75,3,138,132,1.0,1.0,126,63.0,1.0,17.0,0
15071,4,2,26,25,1.0,1.0,182,182.0,0.0,0.0,1
15073,96,2,44,22,1.0,1.0,1,1.0,1.0,10.0,0
15078,16,22,315,83,1.0,1.0,262,12.476190476190476,10.0,125.0,0
15079,123,4,47,46,1.0,1.0,153,51.0,0.0,0.0,1
15081,118,2,17,16,1.0,1.0,158,158.0,3.0,16.0,0
15089,4,3,121,117,1.0,1.0,34,17.0,3.0,24.0,0
15092,125,2,26,23,1.0,1.0,68,68.0,0.0,0.0,1
15093,27,5,96,51,1.0,1.0,255,63.75,1.0,12.0,0
15095,14,4,47,30,1.0,1.0,99,33.0,0.0,0.0,1
15098,92,3,3,1,1.0,1.0,0,0.0,0.0,0.0,1
15100,244,3,3,1,1.0,1.0,40,20.0,0.0,0.0,1
15104,107,2,67,66,1.0,1.0,85,85.0,0.0,0.0,1
15106,51,3,72,67,1.0,1.0,128,64.0,2.0,28.0,0
15107,221,6,17,12,1.0,1.0,61,12.2,0.0,0.0,1
15108,52,4,60,50,1.0,1.0,85,28.333333333333332,0.0,0.0,1
15110,37,2,19,13,1.0,1.0,191,191.0,2.0,16.0,0
15114,3,7,120,78,1.0,1.0,208,34.666666666666664,3.0,77.0,0
15116,45,2,23,20,1.0,1.0,70,70.0,2.0,22.0,0
15117,31,2,35,31,1.0,1.0,94,94.0,3.0,44.0,0
15122,24,3,82,65,1.0,1.0,183,91.5,0.0,0.0,1
15125,23,12,120,97,1.0,1.0,157,14.272727272727273,3.0,7.0,0
15128,37,3,81,66,1.0,1.0,92,46.0,1.0,21.0,0
15129,17,10,74,48,1.0,1.0,185,20.555555555555557,1.0,10.0,0
15132,16,3,48,47,1.0,1.0,156,78.0,2.0,4.0,0
15133,38,3,29,27,1.0,1.0,174,87.0,0.0,0.0,1
15134,37,4,36,27,1.0,1.0,113,37.666666666666664,4.0,37.0,0
15139,150,2,13,13,1.0,1.0,96,96.0,0.0,0.0,1
15140,26,5,57,53,1.0,1.0,148,37.0,2.0,23.0,0
15144,3,10,124,99,1.0,1.0,219,24.333333333333332,7.0,93.0,0
15145,137,2,41,35,1.0,1.0,21,21.0,2.0,26.0,0
15146,75,2,91,90,1.0,1.0,126,126.0,0.0,0.0,1
15150,19,5,235,225,1.0,1.0,160,40.0,5.0,106.0,0
15152,23,6,132,110,1.0,1.0,73,14.6,7.0,139.0,0
15157,64,2,89,89,1.0,1.0,203,203.0,1.0,36.0,0
15159,23,18,353,205,1.0,1.0,248,14.588235294117647,12.0,357.0,0
15164,118,2,53,52,1.0,1.0,130,130.0,1.0,46.0,0
15172,46,3,61,60,1.0,1.0,100,50.0,2.0,49.0,0
15179,144,3,46,45,1.0,1.0,85,42.5,2.0,47.0,0
15181,85,2,10,10,1.0,1.0,94,94.0,1.0,6.0,0
15182,64,2,29,24,1.0,1.0,114,114.0,0.0,0.0,1
15187,2,6,39,37,1.0,1.0,120,24.0,10.0,52.0,0
15189,1,33,177,72,1.0,1.0,241,7.53125,8.0,35.0,0
15192,30,3,51,36,1.0,1.0,245,122.5,0.0,0.0,1
15194,37,11,212,152,1.0,1.0,241,24.1,4.0,98.0,0
15197,163,2,15,15,1.0,1.0,105,105.0,1.0,17.0,0
15198,2,2,10,10,1.0,1.0,31,31.0,0.0,0.0,1
15199,5,3,10,4,1.0,1.0,213,106.5,1.0,3.0,0
15201,36,4,52,29,1.0,1.0,121,40.333333333333336,1.0,17.0,0
15203,16,4,105,73,1.0,1.0,205,68.33333333333333,2.0,37.0,0
15206,10,3,6,3,1.0,1.0,176,88.0,1.0,3.0,0
15208,73,2,16,16,1.0,1.0,190,190.0,3.0,26.0,0
15213,229,2,24,22,1.0,1.0,11,11.0,0.0,0.0,1
15214,94,2,46,46,1.0,1.0,58,58.0,6.0,64.0,0
15218,27,8,130,68,1.0,1.0,202,28.857142857142858,3.0,35.0,0
15220,25,5,88,84,1.0,1.0,165,41.25,1.0,29.0,0
15223,136,2,20,14,1.0,1.0,23,23.0,0.0,0.0,1
15224,268,2,14,13,1.0,1.0,4,4.0,0.0,0.0,1
15227,126,3,43,36,1.0,1.0,101,50.5,2.0,15.0,0
15228,40,3,89,83,1.0,1.0,165,82.5,1.0,36.0,0
15230,149,2,23,23,1.0,1.0,1,1.0,0.0,0.0,1
15232,23,2,31,26,1.0,1.0,27,27.0,0.0,0.0,1
15235,128,12,143,132,1.0,1.0,155,14.090909090909092,0.0,0.0,1
15237,113,2,76,74,1.0,1.0,23,23.0,2.0,23.0,0
15238,5,2,37,37,1.0,1.0,88,88.0,1.0,13.0,0
15240,102,3,42,30,1.0,1.0,120,60.0,2.0,36.0,0
15241,37,6,91,73,1.0,1.0,156,31.2,2.0,19.0,0
15245,44,3,89,55,1.0,1.0,127,63.5,0.0,0.0,1
15246,148,2,33,32,1.0,1.0,120,120.0,0.0,0.0,1
15249,2,11,296,188,1.0,1.0,164,16.4,2.0,54.0,0
15251,1,8,102,92,1.0,1.0,150,21.428571428571427,3.0,9.0,0
15258,79,2,34,32,1.0,1.0,48,48.0,0.0,0.0,1
15260,10,7,77,62,1.0,1.0,272,45.333333333333336,0.0,0.0,1
15265,61,2,82,76,1.0,1.0,84,84.0,0.0,0.0,1
15267,66,2,7,7,1.0,1.0,27,27.0,3.0,4.0,0
15270,28,5,35,21,1.0,1.0,192,48.0,2.0,6.0,0
15271,5,10,140,116,1.0,1.0,270,30.0,5.0,114.0,0
15281,47,8,130,113,1.0,1.0,196,28.0,1.0,9.0,0
15288,66,4,79,74,1.0,1.0,209,69.66666666666667,1.0,9.0,0
15289,48,2,48,41,1.0,1.0,111,111.0,1.0,10.0,0
15290,14,12,117,51,1.0,1.0,255,23.181818181818183,6.0,87.0,0
15291,5,12,87,57,1.0,1.0,278,25.272727272727273,3.0,16.0,0
15296,19,5,142,118,1.0,1.0,217,54.25,1.0,52.0,0
15298,3,7,124,87,1.0,1.0,273,45.5,5.0,68.0,0
15299,74,5,5,5,1.0,1.0,208,52.0,2.0,2.0,0
15301,24,9,169,130,1.0,1.0,254,31.75,3.0,73.0,0
15304,75,6,18,8,1.0,1.0,203,40.6,2.0,5.0,0
15306,3,2,30,30,1.0,1.0,55,55.0,1.0,28.0,0
15311,4,65,1707,470,1.0,1.0,279,4.359375,26.0,650.0,0
15312,13,3,38,33,1.0,1.0,251,125.5,1.0,9.0,0
15329,44,2,42,42,1.0,1.0,37,37.0,1.0,15.0,0
15332,276,4,35,29,1.0,1.0,3,1.0,0.0,0.0,1
15334,67,3,96,67,1.0,1.0,16,8.0,0.0,0.0,1
15349,68,2,70,65,1.0,1.0,29,29.0,0.0,0.0,1
15353,165,2,60,59,1.0,1.0,113,113.0,0.0,0.0,1
15356,15,8,408,201,1.0,1.0,262,37.42857142857143,2.0,81.0,0
15358,31,15,372,240,1.0,1.0,245,17.5,7.0,179.0,0
15364,6,2,29,29,1.0,1.0,158,158.0,0.0,0.0,1
15365,6,2,47,44,1.0,1.0,219,219.0,5.0,67.0,0
15367,156,2,65,65,1.0,1.0,29,29.0,2.0,30.0,0
15370,51,4,68,54,1.0,1.0,191,63.666666666666664,3.0,25.0,0
15373,26,9,99,65,1.0,1.0,255,31.875,3.0,31.0,0
15376,27,2,100,94,1.0,1.0,105,105.0,1.0,15.0,0
15379,79,7,194,145,1.0,1.0,189,31.5,0.0,0.0,1
15380,51,2,17,17,1.0,1.0,224,224.0,3.0,19.0,0
15381,124,2,8,8,1.0,1.0,54,54.0,0.0,0.0,1
15382,95,4,130,97,1.0,1.0,110,36.666666666666664,2.0,172.0,0
15384,80,2,41,34,1.0,1.0,189,189.0,0.0,0.0,1
15394,114,2,54,44,1.0,1.0,154,154.0,2.0,31.0,0
15400,2,5,12,10,1.0,1.0,186,46.5,0.0,0.0,1
15402,59,2,42,35,1.0,1.0,47,47.0,0.0,0.0,1
15407,94,3,62,62,1.0,1.0,121,60.5,1.0,84.0,0
15410,9,7,107,43,1.0,1.0,162,27.0,1.0,15.0,0
15411,34,2,22,22,1.0,1.0,58,58.0,2.0,75.0,0
15416,65,3,151,135,1.0,1.0,127,63.5,1.0,41.0,0
15421,125,3,41,35,1.0,1.0,94,47.0,1.0,12.0,0
15422,233,2,6,6,1.0,1.0,0,0.0,0.0,0.0,1
15424,164,2,17,17,1.0,1.0,0,0.0,0.0,0.0,1
15426,167,2,108,101,1.0,1.0,112,112.0,3.0,156.0,0
15433,124,2,41,40,1.0,1.0,53,53.0,0.0,0.0,1
15434,17,3,32,32,1.0,1.0,93,46.5,2.0,23.0,0
15440,46,2,32,25,1.0,1.0,72,72.0,1.0,28.0,0
15443,19,2,73,72,1.0,1.0,210,210.0,5.0,276.0,0
15449,95,2,40,30,1.0,1.0,76,76.0,1.0,20.0,0
15453,2,4,145,102,1.0,1.0,95,31.666666666666668,3.0,119.0,0
15456,193,3,58,48,1.0,1.0,75,37.5,0.0,0.0,1
15462,4,3,11,9,1.0,1.0,92,46.0,0.0,0.0,1
15465,49,15,75,38,1.0,1.0,230,16.428571428571427,3.0,22.0,0
15467,55,2,38,36,1.0,1.0,7,7.0,1.0,13.0,0
15482,76,4,21,17,1.0,1.0,193,64.33333333333333,8.0,76.0,0
15483,71,4,79,74,1.0,1.0,105,35.0,0.0,0.0,1
15485,246,2,42,33,1.0,1.0,37,37.0,1.0,43.0,0
15491,5,6,154,108,1.0,1.0,140,28.0,0.0,0.0,1
15493,60,3,179,126,1.0,1.0,120,60.0,2.0,92.0,0
15498,31,19,378,288,1.0,1.0,245,13.61111111111111,8.0,134.0,0
15502,34,5,172,148,1.0,1.0,245,61.25,7.0,39.0,0
15505,24,3,40,36,1.0,1.0,41,20.5,2.0,57.0,0
15508,99,6,92,78,1.0,1.0,46,9.2,0.0,0.0,1
15512,66,2,7,7,1.0,1.0,203,203.0,0.0,0.0,1
15513,5,17,255,160,1.0,1.0,278,17.375,2.0,53.0,0
15514,136,6,91,50,1.0,1.0,138,27.6,5.0,66.0,0
15518,34,7,183,125,1.0,1.0,208,34.666666666666664,1.0,24.0,0
15521,5,7,161,113,1.0,1.0,160,26.666666666666668,1.0,24.0,0
15527,55,5,81,68,1.0,1.0,209,52.25,3.0,78.0,0
15529,53,8,381,280,1.0,1.0,223,31.857142857142858,3.0,271.0,0
15530,60,3,89,77,1.0,1.0,97,48.5,1.0,14.0,0
15532,41,3,199,165,1.0,1.0,226,113.0,1.0,50.0,0
15535,83,4,71,55,1.0,1.0,154,51.333333333333336,0.0,0.0,1
15544,30,7,200,95,1.0,1.0,252,42.0,2.0,59.0,0
15547,20,8,349,236,1.0,1.0,252,36.0,6.0,331.0,0
15549,68,2,98,94,1.0,1.0,158,158.0,1.0,11.0,0
15550,16,3,49,36,1.0,1.0,195,97.5,1.0,12.0,0
15555,14,10,484,260,1.0,1.0,265,29.444444444444443,6.0,394.0,0
15561,60,3,16,16,1.0,1.0,65,32.5,1.0,11.0,0
15563,111,2,62,55,1.0,1.0,158,158.0,2.0,51.0,0
15569,14,5,31,27,1.0,1.0,228,57.0,0.0,0.0,1
15570,52,9,228,184,1.0,1.0,227,28.375,3.0,78.0,0
15572,20,4,129,109,1.0,1.0,168,56.0,3.0,76.0,0
15574,88,4,143,131,1.0,1.0,194,64.66666666666667,0.0,0.0,1
15577,61,3,39,39,1.0,1.0,154,77.0,0.0,0.0,1
15581,31,13,144,134,1.0,1.0,245,20.416666666666668,0.0,0.0,1
15582,10,2,36,33,1.0,1.0,120,120.0,1.0,8.0,0
15587,53,2,5,3,1.0,1.0,209,209.0,2.0,4.0,0
15589,166,3,29,28,1.0,1.0,54,27.0,0.0,0.0,1
15594,4,2,45,43,1.0,1.0,141,141.0,3.0,58.0,0
15596,11,5,77,51,1.0,1.0,264,66.0,0.0,0.0,1
15601,33,11,337,200,1.0,1.0,249,24.9,3.0,73.0,0
15602,111,5,17,12,1.0,1.0,167,41.75,4.0,30.0,0
15605,162,3,39,37,1.0,1.0,121,60.5,2.0,28.0,0
15606,29,8,65,42,1.0,1.0,205,29.285714285714285,1.0,12.0,0
15611,14,8,24,17,1.0,1.0,230,32.857142857142854,5.0,19.0,0
15615,16,19,305,153,1.0,1.0,253,14.055555555555555,4.0,118.0,0
15618,2,3,24,22,1.0,1.0,44,22.0,1.0,21.0,0
15620,131,2,60,59,1.0,1.0,137,137.0,1.0,40.0,0
15622,107,5,138,127,1.0,1.0,85,21.25,4.0,47.0,0
15624,27,4,34,26,1.0,1.0,139,46.333333333333336,0.0,0.0,1
15625,14,4,64,44,1.0,1.0,131,43.666666666666664,0.0,0.0,1
15628,8,5,93,58,1.0,1.0,268,67.0,4.0,62.0,0
15632,32,6,114,76,1.0,1.0,153,30.6,2.0,53.0,0
15640,32,11,327,193,1.0,1.0,250,25.0,4.0,147.0,0
15641,15,4,119,102,1.0,1.0,253,84.33333333333333,0.0,0.0,1
15643,102,3,33,31,1.0,1.0,90,45.0,0.0,0.0,1
15644,76,4,226,166,1.0,1.0,94,31.333333333333332,0.0,0.0,1
15646,68,3,35,35,1.0,1.0,214,107.0,0.0,0.0,1
15648,114,2,24,23,1.0,1.0,62,62.0,0.0,0.0,1
15649,246,2,2,1,1.0,1.0,31,31.0,0.0,0.0,1
15653,3,2,6,4,1.0,1.0,23,23.0,0.0,0.0,1
15656,88,3,35,34,1.0,1.0,105,52.5,1.0,12.0,0
15658,100,5,48,40,1.0,1.0,182,45.5,0.0,0.0,1
15660,46,6,52,35,1.0,1.0,229,45.8,3.0,38.0,0
15661,227,2,5,4,1.0,1.0,21,21.0,0.0,0.0,1
15665,78,2,115,92,1.0,1.0,74,74.0,0.0,0.0,1
15669,14,3,30,29,1.0,1.0,160,80.0,1.0,3.0,0
15671,5,5,64,47,1.0,1.0,176,44.0,2.0,14.0,0
15673,67,3,94,82,1.0,1.0,170,85.0,1.0,38.0,0
15674,124,4,60,39,1.0,1.0,41,13.666666666666666,1.0,54.0,0
15675,65,2,16,16,1.0,1.0,125,125.0,1.0,5.0,0
15679,64,2,22,18,1.0,1.0,28,28.0,2.0,88.0,0
15681,93,3,32,22,1.0,1.0,97,48.5,2.0,21.0,0
15687,97,5,97,69,1.0,1.0,143,35.75,4.0,69.0,0
15689,30,2,9,8,1.0,1.0,241,241.0,0.0,0.0,1
15694,86,9,40,23,1.0,1.0,196,24.5,5.0,38.0,0
15695,177,2,22,22,1.0,1.0,0,0.0,0.0,0.0,1
15696,131,6,102,89,1.0,1.0,106,21.2,2.0,61.0,0
15700,82,2,85,85,1.0,1.0,1,1.0,0.0,0.0,1
15704,50,4,115,79,1.0,1.0,75,25.0,0.0,0.0,1
15708,49,6,208,103,1.0,1.0,231,46.2,1.0,52.0,0
15712,20,3,41,32,1.0,1.0,178,89.0,2.0,12.0,0
15713,53,2,19,18,1.0,1.0,222,222.0,0.0,0.0,1
15716,56,4,111,101,1.0,1.0,223,74.33333333333333,0.0,0.0,1
15719,10,11,773,260,1.0,1.0,238,23.8,2.0,155.0,0
15722,19,3,44,32,1.0,1.0,181,90.5,2.0,21.0,0
15724,111,2,11,11,1.0,1.0,83,83.0,0.0,0.0,1
15727,17,6,256,191,1.0,1.0,251,50.2,1.0,39.0,0
15730,2,2,47,46,1.0,1.0,114,114.0,1.0,23.0,0
15732,122,2,14,13,1.0,1.0,159,159.0,0.0,0.0,1
15734,25,2,26,25,1.0,1.0,85,85.0,0.0,0.0,1
15737,58,5,53,43,1.0,1.0,95,23.75,3.0,18.0,0
15738,7,13,133,45,1.0,1.0,275,22.916666666666668,3.0,39.0,0
15743,24,2,34,31,1.0,1.0,71,71.0,2.0,50.0,0
15747,30,2,40,26,1.0,1.0,52,52.0,1.0,46.0,0
15749,145,3,10,5,1.0,1.0,97,48.5,0.0,0.0,1
15750,81,4,129,125,1.0,1.0,196,65.33333333333333,4.0,159.0,0
15752,3,6,333,207,1.0,1.0,279,55.8,1.0,64.0,0
15755,18,3,66,65,1.0,1.0,186,93.0,3.0,75.0,0
15756,63,3,134,118,1.0,1.0,96,48.0,1.0,56.0,0
15759,128,3,7,5,1.0,1.0,139,69.5,0.0,0.0,1
15764,17,5,178,150,1.0,1.0,169,42.25,1.0,2.0,0
15768,26,3,27,23,1.0,1.0,110,55.0,0.0,0.0,1
15769,12,19,86,19,1.0,1.0,269,14.944444444444445,7.0,44.0,0
15777,151,4,21,18,1.0,1.0,120,40.0,0.0,0.0,1
15780,94,3,29,26,1.0,1.0,174,87.0,0.0,0.0,1
15781,48,2,11,11,1.0,1.0,168,168.0,1.0,9.0,0
15785,68,4,55,41,1.0,1.0,137,45.666666666666664,1.0,28.0,0
15796,19,5,82,59,1.0,1.0,192,48.0,3.0,48.0,0
15797,23,4,8,8,1.0,1.0,206,68.66666666666667,0.0,0.0,1
15799,95,2,37,37,1.0,1.0,149,149.0,1.0,58.0,0
15800,17,2,117,116,1.0,1.0,139,139.0,0.0,0.0,1
15804,4,5,156,130,1.0,1.0,104,26.0,8.0,107.0,0
15805,16,11,196,150,1.0,1.0,258,25.8,6.0,103.0,0
15806,68,2,23,19,1.0,1.0,119,119.0,1.0,8.0,0
15808,216,4,191,142,1.0,1.0,63,21.0,0.0,0.0,1
15809,94,4,27,24,1.0,1.0,118,39.333333333333336,1.0,8.0,0
15810,80,3,87,64,1.0,1.0,126,63.0,1.0,2.0,0
15811,16,5,105,89,1.0,1.0,259,64.75,1.0,28.0,0
15812,17,5,41,36,1.0,1.0,210,52.5,0.0,0.0,1
15813,118,2,40,40,1.0,1.0,31,31.0,0.0,0.0,1
15815,51,4,40,24,1.0,1.0,119,39.666666666666664,1.0,9.0,0
15819,41,3,101,83,1.0,1.0,145,72.5,1.0,22.0,0
15827,24,13,99,60,1.0,1.0,258,21.5,1.0,16.0,0
15829,9,2,51,44,1.0,1.0,41,41.0,0.0,0.0,1
15831,34,2,23,22,1.0,1.0,199,199.0,1.0,42.0,0
15834,76,3,181,176,1.0,1.0,111,55.5,1.0,77.0,0
15835,48,3,35,32,1.0,1.0,193,96.5,1.0,15.0,0
15838,19,12,103,51,1.0,1.0,259,23.545454545454547,7.0,64.0,0
15841,128,2,24,19,1.0,1.0,120,120.0,2.0,23.0,0
15845,55,5,93,73,1.0,1.0,192,48.0,3.0,45.0,0
15852,97,2,22,22,1.0,1.0,10,10.0,0.0,0.0,1
15854,50,9,97,70,1.0,1.0,221,27.625,3.0,41.0,0
15855,47,5,79,59,1.0,1.0,126,31.5,0.0,0.0,1
15856,5,17,451,254,1.0,1.0,270,16.875,10.0,169.0,0
15858,199,2,102,91,1.0,1.0,77,77.0,3.0,82.0,0
15860,9,6,109,87,1.0,1.0,269,53.8,2.0,28.0,0
15861,45,3,202,174,1.0,1.0,132,66.0,5.0,332.0,0
15862,22,3,100,98,1.0,1.0,261,130.5,1.0,47.0,0
15864,9,3,12,11,1.0,1.0,217,108.5,3.0,8.0,0
15867,23,12,360,253,1.0,1.0,256,23.272727272727273,3.0,99.0,0
15869,187,2,13,13,1.0,1.0,0,0.0,0.0,0.0,1
15874,88,6,85,79,1.0,1.0,106,21.2,1.0,33.0,0
15881,222,5,29,26,1.0,1.0,52,13.0,0.0,0.0,1
15882,109,4,23,23,1.0,1.0,169,56.333333333333336,0.0,0.0,1
15885,3,3,18,18,1.0,1.0,216,108.0,0.0,0.0,1
15889,67,2,82,79,1.0,1.0,212,212.0,0.0,0.0,1
15894,163,2,35,35,1.0,1.0,115,115.0,0.0,0.0,1
15897,104,2,21,17,1.0,1.0,0,0.0,0.0,0.0,1
15898,137,4,70,67,1.0,1.0,141,47.0,1.0,11.0,0
15903,138,2,26,19,1.0,1.0,67,67.0,5.0,48.0,0
15906,55,4,70,56,1.0,1.0,110,36.666666666666664,3.0,78.0,0
15907,87,2,102,93,1.0,1.0,33,33.0,1.0,100.0,0
15910,9,5,162,143,1.0,1.0,217,54.25,3.0,96.0,0
15912,88,2,19,19,1.0,1.0,54,54.0,0.0,0.0,1
15916,102,5,69,64,1.0,1.0,174,43.5,3.0,77.0,0
15918,101,2,39,33,1.0,1.0,80,80.0,0.0,0.0,1
15920,64,4,60,53,1.0,1.0,0,0.0,0.0,0.0,1
15932,18,6,77,65,1.0,1.0,181,36.2,2.0,38.0,0
15935,149,2,12,12,1.0,1.0,2,2.0,0.0,0.0,1
15938,22,5,18,13,1.0,1.0,211,52.75,0.0,0.0,1
15939,17,14,74,28,1.0,1.0,224,17.23076923076923,1.0,2.0,0
15950,16,2,67,66,1.0,1.0,253,253.0,2.0,29.0,0
15952,69,2,26,25,1.0,1.0,66,66.0,2.0,58.0,0
15953,122,4,38,29,1.0,1.0,157,52.333333333333336,4.0,59.0,0
15955,17,8,89,68,1.0,1.0,266,38.0,6.0,94.0,0
15971,19,7,20,9,1.0,1.0,202,33.666666666666664,5.0,15.0,0
15974,5,6,149,119,1.0,1.0,193,38.6,1.0,27.0,0
15976,75,2,96,83,1.0,1.0,54,54.0,0.0,0.0,1
15981,48,6,62,31,1.0,1.0,173,34.6,2.0,35.0,0
15983,271,3,77,57,1.0,1.0,13,6.5,1.0,32.0,0
15984,11,7,192,176,1.0,1.0,267,44.5,3.0,48.0,0
15985,33,2,37,29,1.0,1.0,113,113.0,0.0,0.0,1
15987,31,6,70,64,1.0,1.0,248,49.6,1.0,50.0,0
15996,26,5,108,91,1.0,1.0,249,62.25,1.0,18.0,0
15998,82,3,338,280,1.0,1.0,190,95.0,2.0,161.0,0
16003,45,3,58,56,1.0,1.0,224,112.0,2.0,45.0,0
16005,93,2,81,77,1.0,1.0,88,88.0,2.0,115.0,0
16007,91,2,158,128,1.0,1.0,34,34.0,2.0,215.0,0
16010,156,3,74,62,1.0,1.0,116,58.0,0.0,0.0,1
16011,2,12,159,85,1.0,1.0,273,24.818181818181817,4.0,49.0,0
16012,39,2,50,49,1.0,1.0,26,26.0,1.0,40.0,0
16013,9,35,68,27,1.0,1.0,272,8.0,12.0,70.0,0
16014,62,2,129,115,1.0,1.0,138,138.0,1.0,8.0,0
16016,106,4,114,99,1.0,1.0,170,56.666666666666664,4.0,100.0,0
16019,46,7,107,85,1.0,1.0,228,38.0,2.0,53.0,0
16023,102,2,65,59,1.0,1.0,74,74.0,1.0,36.0,0
16027,2,6,16,11,1.0,1.0,210,42.0,0.0,0.0,1
16029,4,52,185,43,1.0,1.0,279,5.470588235294118,11.0,55.0,0
16031,2,2,96,91,1.0,1.0,154,154.0,0.0,0.0,1
16033,18,16,712,367,1.0,1.0,261,17.4,4.0,408.0,0
16034,106,3,22,18,1.0,1.0,136,68.0,0.0,0.0,1
16037,180,3,39,37,1.0,1.0,88,44.0,0.0,0.0,1
16038,87,2,23,23,1.0,1.0,24,24.0,1.0,3.0,0
16040,58,2,46,42,1.0,1.0,120,120.0,1.0,19.0,0
16041,51,2,5,5,1.0,1.0,0,0.0,1.0,1.0,0
16042,18,2,26,26,1.0,1.0,224,224.0,3.0,44.0,0
16043,121,3,31,22,1.0,1.0,106,53.0,1.0,8.0,0
16045,30,4,83,71,1.0,1.0,170,56.666666666666664,0.0,0.0,1
16048,283,2,8,8,1.0,1.0,0,0.0,0.0,0.0,1
16057,6,6,83,79,1.0,1.0,188,37.6,1.0,38.0,0
16059,74,4,130,99,1.0,1.0,204,68.0,2.0,45.0,0
16062,44,3,48,37,1.0,1.0,231,115.5,1.0,16.0,0
16076,3,5,90,69,1.0,1.0,115,28.75,5.0,38.0,0
16081,95,3,62,57,1.0,1.0,181,90.5,2.0,159.0,0
16083,11,2,31,31,1.0,1.0,259,259.0,0.0,0.0,1
16085,147,2,56,48,1.0,1.0,84,84.0,3.0,110.0,0
16086,8,4,31,21,1.0,1.0,268,89.33333333333333,1.0,8.0,0
16091,65,2,18,16,1.0,1.0,43,43.0,0.0,0.0,1
16092,25,3,51,37,1.0,1.0,139,69.5,0.0,0.0,1
16098,38,6,54,31,1.0,1.0,245,49.0,1.0,12.0,0
16099,48,2,32,26,1.0,1.0,88,88.0,1.0,7.0,0
16102,9,2,49,41,1.0,1.0,29,29.0,1.0,8.0,0
16103,68,4,37,24,1.0,1.0,75,25.0,2.0,11.0,0
16107,13,3,18,16,1.0,1.0,79,39.5,4.0,13.0,0
16109,129,2,18,18,1.0,1.0,89,89.0,0.0,0.0,1
16110,172,2,188,173,1.0,1.0,48,48.0,1.0,146.0,0
16112,53,4,16,15,1.0,1.0,195,65.0,0.0,0.0,1
16115,27,5,164,125,1.0,1.0,175,43.75,3.0,113.0,0
16122,23,3,36,24,1.0,1.0,253,126.5,1.0,2.0,0
16126,12,3,73,41,1.0,1.0,194,97.0,1.0,44.0,0
16128,54,2,38,34,1.0,1.0,138,138.0,3.0,51.0,0
16131,26,4,54,46,1.0,1.0,124,41.333333333333336,2.0,24.0,0
16133,11,23,206,139,1.0,1.0,216,9.818181818181818,10.0,133.0,0
16139,22,2,15,13,1.0,1.0,94,94.0,1.0,16.0,0
16143,18,5,94,70,1.0,1.0,261,65.25,1.0,23.0,0
16145,10,8,156,102,1.0,1.0,260,37.142857142857146,3.0,68.0,0
16146,67,3,29,26,1.0,1.0,74,37.0,0.0,0.0,1
16150,39,3,80,66,1.0,1.0,243,121.5,2.0,37.0,0
16153,26,4,56,50,1.0,1.0,239,79.66666666666667,1.0,33.0,0
16156,62,5,66,62,1.0,1.0,158,39.5,4.0,61.0,0
16161,50,12,276,172,1.0,1.0,228,20.727272727272727,7.0,194.0,0
16163,142,2,6,5,1.0,1.0,132,132.0,0.0,0.0,1
16168,5,18,71,42,1.0,1.0,275,16.176470588235293,9.0,27.0,0
16170,23,5,102,91,1.0,1.0,135,33.75,1.0,23.0,0
16172,5,5,69,52,1.0,1.0,146,36.5,0.0,0.0,1
16173,2,2,39,39,1.0,1.0,6,6.0,4.0,45.0,0
16174,36,3,23,19,1.0,1.0,25,12.5,0.0,0.0,1
16175,4,4,58,45,1.0,1.0,145,48.333333333333336,0.0,0.0,1
16180,10,8,162,90,1.0,1.0,152,21.714285714285715,0.0,0.0,1
16182,40,3,17,8,1.0,1.0,164,82.0,1.0,11.0,0
16184,16,5,37,22,1.0,1.0,105,26.25,1.0,8.0,0
16186,13,9,151,67,1.0,1.0,268,33.5,3.0,67.0,0
16187,9,12,232,140,1.0,1.0,185,16.818181818181817,3.0,63.0,0
16188,51,3,52,51,1.0,1.0,101,50.5,1.0,15.0,0
16191,173,8,47,25,1.0,1.0,97,13.857142857142858,5.0,87.0,0
16203,58,3,24,19,1.0,1.0,224,112.0,1.0,11.0,0
16206,35,3,54,48,1.0,1.0,202,101.0,1.0,8.0,0
16209,29,4,41,35,1.0,1.0,127,42.333333333333336,1.0,5.0,0
16210,9,11,72,47,1.0,1.0,275,27.5,7.0,51.0,0
16214,81,3,44,36,1.0,1.0,98,49.0,0.0,0.0,1
16217,145,2,15,13,1.0,1.0,46,46.0,0.0,0.0,1
16218,25,6,72,51,1.0,1.0,258,51.6,1.0,12.0,0
16221,186,2,32,29,1.0,1.0,91,91.0,1.0,62.0,0
16224,51,3,66,63,1.0,1.0,108,54.0,1.0,30.0,0
16225,60,4,126,108,1.0,1.0,128,42.666666666666664,1.0,5.0,0
16226,113,3,8,6,1.0,1.0,32,16.0,0.0,0.0,1
16230,100,2,35,32,1.0,1.0,30,30.0,0.0,0.0,1
16232,53,3,31,23,1.0,1.0,71,35.5,1.0,6.0,0
16233,240,2,9,9,1.0,1.0,36,36.0,1.0,13.0,0
16235,97,3,36,34,1.0,1.0,145,72.5,2.0,10.0,0
16241,6,10,496,273,1.0,1.0,273,30.333333333333332,3.0,156.0,0
16242,75,3,77,60,1.0,1.0,111,55.5,4.0,208.0,0
16244,122,2,91,88,1.0,1.0,160,160.0,0.0,0.0,1
16245,32,2,51,49,1.0,1.0,135,135.0,1.0,39.0,0
16249,23,4,49,48,1.0,1.0,126,42.0,1.0,20.0,0
16250,171,2,24,22,1.0,1.0,112,112.0,0.0,0.0,1
16255,6,7,232,132,1.0,1.0,269,44.833333333333336,1.0,37.0,0
16258,37,4,89,72,1.0,1.0,92,30.666666666666668,1.0,46.0,0
16261,23,2,69,66,1.0,1.0,132,132.0,2.0,46.0,0
16265,21,7,194,132,1.0,1.0,254,42.333333333333336,2.0,64.0,0
16266,26,6,50,37,1.0,1.0,90,18.0,1.0,10.0,0
16271,36,3,72,51,1.0,1.0,232,116.0,2.0,55.0,0
16283,31,3,74,59,1.0,1.0,87,43.5,2.0,91.0,0
16293,2,6,80,74,1.0,1.0,275,55.0,4.0,38.0,0
16303,26,2,129,112,1.0,1.0,217,217.0,1.0,33.0,0
16306,124,6,41,36,1.0,1.0,153,30.6,0.0,0.0,1
16308,18,3,3,1,1.0,1.0,153,76.5,1.0,1.0,0
16309,16,2,42,39,1.0,1.0,134,134.0,0.0,0.0,1
16316,67,7,115,103,1.0,1.0,201,33.5,1.0,36.0,0
16317,30,3,69,64,1.0,1.0,177,88.5,0.0,0.0,1
16320,82,2,56,56,1.0,1.0,40,40.0,0.0,0.0,1
16321,215,3,8,5,1.0,1.0,18,9.0,2.0,4.0,0
16324,38,3,108,100,1.0,1.0,48,24.0,0.0,0.0,1
16325,65,2,13,11,1.0,1.0,90,90.0,1.0,5.0,0
16326,7,8,135,92,1.0,1.0,238,34.0,6.0,155.0,0
16327,109,4,210,119,1.0,1.0,170,56.666666666666664,2.0,104.0,0
16330,22,2,17,17,1.0,1.0,0,0.0,1.0,22.0,0
16332,40,3,51,43,1.0,1.0,174,87.0,4.0,98.0,0
16333,9,18,37,8,1.0,1.0,210,12.352941176470589,4.0,8.0,0
16342,18,3,13,10,1.0,1.0,71,35.5,1.0,2.0,0
16348,38,4,144,116,1.0,1.0,111,37.0,3.0,66.0,0
16353,2,14,70,46,1.0,1.0,278,21.384615384615383,9.0,24.0,0
16356,108,3,31,20,1.0,1.0,79,39.5,0.0,0.0,1
16357,72,2,12,9,1.0,1.0,51,51.0,1.0,22.0,0
16359,5,7,55,38,1.0,1.0,237,39.5,2.0,11.0,0
16362,1,3,37,34,1.0,1.0,0,0.0,2.0,38.0,0
16365,33,7,36,34,1.0,1.0,243,40.5,2.0,15.0,0
16370,27,3,173,133,1.0,1.0,107,53.5,1.0,41.0,0
16378,157,3,23,22,1.0,1.0,63,31.5,0.0,0.0,1
16385,68,2,37,36,1.0,1.0,208,208.0,1.0,20.0,0
16389,115,2,16,16,1.0,1.0,77,77.0,2.0,18.0,0
16393,4,9,205,96,1.0,1.0,274,34.25,4.0,113.0,0
16394,81,3,60,49,1.0,1.0,118,59.0,2.0,23.0,0
16395,78,3,108,87,1.0,1.0,162,81.0,2.0,90.0,0
16398,64,2,82,75,1.0,1.0,99,99.0,0.0,0.0,1
16401,42,7,106,52,1.0,1.0,196,32.666666666666664,5.0,79.0,0
16402,175,2,56,55,1.0,1.0,104,104.0,0.0,0.0,1
16405,212,2,5,3,1.0,1.0,7,7.0,0.0,0.0,1
16407,20,8,118,76,1.0,1.0,201,28.714285714285715,2.0,46.0,0
16409,60,3,159,106,1.0,1.0,167,83.5,2.0,71.0,0
16418,3,2,49,44,1.0,1.0,133,133.0,1.0,39.0,0
16419,23,6,50,36,1.0,1.0,199,39.8,0.0,0.0,1
16422,10,39,291,68,1.0,1.0,269,7.078947368421052,12.0,78.0,0
16426,3,4,79,64,1.0,1.0,183,61.0,6.0,267.0,0
16427,173,2,9,8,1.0,1.0,21,21.0,0.0,0.0,1
16431,123,3,65,51,1.0,1.0,84,42.0,0.0,0.0,1
16434,6,4,54,49,1.0,1.0,203,67.66666666666667,3.0,53.0,0
16442,138,2,99,99,1.0,1.0,133,133.0,1.0,70.0,0
16444,5,3,68,58,1.0,1.0,169,84.5,1.0,14.0,0
16449,108,2,40,40,1.0,1.0,82,82.0,0.0,0.0,1
16455,5,6,71,48,1.0,1.0,276,55.2,1.0,28.0,0
16456,9,5,109,80,1.0,1.0,273,68.25,0.0,0.0,1
16458,16,11,133,43,1.0,1.0,254,25.4,7.0,69.0,0
16462,96,2,2,1,1.0,1.0,98,98.0,1.0,1.0,0
16466,13,5,84,68,1.0,1.0,189,47.25,2.0,53.0,0
16469,156,2,62,52,1.0,1.0,0,0.0,2.0,104.0,0
16470,26,3,95,83,1.0,1.0,242,121.0,1.0,55.0,0
16473,75,3,18,18,1.0,1.0,171,85.5,0.0,0.0,1
16475,54,3,27,22,1.0,1.0,130,65.0,1.0,1.0,0
16477,42,6,121,96,1.0,1.0,239,47.8,1.0,25.0,0
16484,84,2,25,25,1.0,1.0,17,17.0,0.0,0.0,1
16488,25,2,22,22,1.0,1.0,33,33.0,1.0,7.0,0
16493,83,3,34,25,1.0,1.0,156,78.0,1.0,22.0,0
16495,186,2,33,32,1.0,1.0,0,0.0,1.0,49.0,0
16496,118,2,71,71,1.0,1.0,109,109.0,1.0,24.0,0
16497,113,5,87,82,1.0,1.0,130,32.5,1.0,49.0,0
16498,71,2,15,15,1.0,1.0,0,0.0,0.0,0.0,1
16499,270,2,19,18,1.0,1.0,4,4.0,0.0,0.0,1
16503,17,4,84,71,1.0,1.0,253,84.33333333333333,0.0,0.0,1
16511,55,2,92,83,1.0,1.0,121,121.0,1.0,59.0,0
16515,2,4,91,79,1.0,1.0,219,73.0,1.0,17.0,0
16520,96,3,156,129,1.0,1.0,179,89.5,0.0,0.0,1
16523,6,13,167,88,1.0,1.0,219,18.25,8.0,123.0,0
16525,9,21,146,67,1.0,1.0,267,13.35,5.0,37.0,0
16531,37,4,45,41,1.0,1.0,233,77.66666666666667,3.0,32.0,0
16532,46,2,3,2,1.0,1.0,202,202.0,1.0,1.0,0
16539,130,3,38,34,1.0,1.0,153,76.5,1.0,7.0,0
16546,201,2,25,25,1.0,1.0,81,81.0,0.0,0.0,1
16549,34,2,142,131,1.0,1.0,210,210.0,8.0,756.0,0
16550,19,5,251,162,1.0,1.0,259,64.75,0.0,0.0,1
16551,6,3,32,26,1.0,1.0,240,120.0,0.0,0.0,1
16552,153,2,17,17,1.0,1.0,130,130.0,0.0,0.0,1
16553,73,12,84,62,1.0,1.0,197,17.90909090909091,0.0,0.0,1
16554,132,2,21,21,1.0,1.0,109,109.0,1.0,31.0,0
16556,16,6,160,111,1.0,1.0,254,50.8,1.0,47.0,0
16558,2,14,291,171,1.0,1.0,274,21.076923076923077,6.0,169.0,0
16566,80,3,9,9,1.0,1.0,122,61.0,2.0,9.0,0
16567,104,2,35,34,1.0,1.0,142,142.0,0.0,0.0,1
16570,37,6,78,52,1.0,1.0,184,36.8,4.0,48.0,0
16571,86,2,59,54,1.0,1.0,105,105.0,1.0,28.0,0
16572,37,3,57,40,1.0,1.0,148,74.0,0.0,0.0,1
16589,17,2,15,13,1.0,1.0,54,54.0,1.0,18.0,0
16592,47,10,128,102,1.0,1.0,151,16.77777777777778,6.0,88.0,0
16593,100,2,20,20,1.0,1.0,138,138.0,1.0,6.0,0
16600,163,2,18,18,1.0,1.0,85,85.0,4.0,44.0,0
16607,38,10,111,94,1.0,1.0,230,25.555555555555557,4.0,61.0,0
16609,45,5,154,103,1.0,1.0,117,29.25,2.0,122.0,0
16612,29,3,51,42,1.0,1.0,192,96.0,1.0,15.0,0
16618,121,4,54,44,1.0,1.0,111,37.0,1.0,42.0,0
16621,58,3,22,17,1.0,1.0,130,65.0,1.0,7.0,0
16626,23,7,102,74,1.0,1.0,153,25.5,10.0,77.0,0
16628,17,4,87,64,1.0,1.0,128,42.666666666666664,1.0,30.0,0
16633,24,3,62,51,1.0,1.0,119,59.5,3.0,90.0,0
16634,133,2,9,9,1.0,1.0,149,149.0,0.0,0.0,1
16637,34,2,32,29,1.0,1.0,102,102.0,2.0,37.0,0
16638,9,9,87,85,1.0,1.0,269,33.625,1.0,7.0,0
16639,117,2,20,19,1.0,1.0,29,29.0,1.0,30.0,0
16644,88,2,62,62,1.0,1.0,34,34.0,0.0,0.0,1
16647,80,2,14,12,1.0,1.0,35,35.0,0.0,0.0,1
16652,20,5,80,53,1.0,1.0,163,40.75,2.0,38.0,0
16654,51,4,29,29,1.0,1.0,227,75.66666666666667,0.0,0.0,1
16655,41,3,135,125,1.0,1.0,200,100.0,3.0,120.0,0
16656,6,11,57,13,1.0,1.0,268,26.8,4.0,16.0,0
16657,59,2,121,111,1.0,1.0,105,105.0,2.0,65.0,0
16660,121,2,5,5,1.0,1.0,108,108.0,2.0,11.0,0
16668,27,5,17,9,1.0,1.0,167,41.75,1.0,3.0,0
16670,16,8,204,150,1.0,1.0,252,36.0,3.0,48.0,0
16672,9,17,100,22,1.0,1.0,167,10.4375,3.0,14.0,0
16676,123,3,64,58,1.0,1.0,124,62.0,1.0,25.0,0
16678,9,8,114,76,1.0,1.0,184,26.285714285714285,4.0,49.0,0
16681,55,4,34,15,1.0,1.0,108,36.0,2.0,10.0,0
16682,2,3,20,15,1.0,1.0,95,47.5,2.0,10.0,0
16684,43,18,168,88,1.0,1.0,224,13.176470588235293,10.0,109.0,0
16686,8,6,414,327,1.0,1.0,257,51.4,1.0,122.0,0
16692,166,2,3,2,1.0,1.0,32,32.0,0.0,0.0,1
16696,45,4,10,7,1.0,1.0,112,37.333333333333336,0.0,0.0,1
16698,137,2,5,4,1.0,1.0,26,26.0,0.0,0.0,1
16700,32,10,255,142,1.0,1.0,244,27.11111111111111,3.0,53.0,0
16701,40,10,110,80,1.0,1.0,232,25.77777777777778,3.0,34.0,0
16705,9,10,170,88,1.0,1.0,259,28.77777777777778,10.0,100.0,0
16706,8,2,103,98,1.0,1.0,15,15.0,1.0,19.0,0
16709,110,4,50,42,1.0,1.0,82,27.333333333333332,1.0,29.0,0
16710,48,7,296,215,1.0,1.0,230,38.333333333333336,3.0,91.0,0
16711,50,3,10,9,1.0,1.0,217,108.5,2.0,12.0,0
16712,5,8,286,170,1.0,1.0,181,25.857142857142858,3.0,133.0,0
16713,26,11,399,237,1.0,1.0,250,25.0,4.0,219.0,0
16714,129,3,77,77,1.0,1.0,98,49.0,0.0,0.0,1
16716,177,2,2,1,1.0,1.0,44,44.0,0.0,0.0,1
16717,6,4,90,78,1.0,1.0,270,90.0,2.0,108.0,0
16719,59,5,137,85,1.0,1.0,219,54.75,2.0,56.0,0
16722,10,10,168,89,1.0,1.0,268,29.77777777777778,3.0,57.0,0
16723,1,2,37,37,1.0,1.0,16,16.0,0.0,0.0,1
16725,212,7,140,110,1.0,1.0,69,11.5,0.0,0.0,1
16726,106,4,87,71,1.0,1.0,164,54.666666666666664,1.0,70.0,0
16728,77,3,141,113,1.0,1.0,97,48.5,1.0,119.0,0
16729,9,17,433,140,1.0,1.0,142,8.875,4.0,215.0,0
16730,145,2,37,35,1.0,1.0,84,84.0,1.0,42.0,0
16734,24,2,27,27,1.0,1.0,0,0.0,1.0,20.0,0
16735,9,4,94,71,1.0,1.0,235,78.33333333333333,1.0,17.0,0
16743,23,6,165,82,1.0,1.0,245,49.0,1.0,24.0,0
16744,7,3,93,74,1.0,1.0,76,38.0,4.0,142.0,0
16745,8,16,328,144,1.0,1.0,213,14.2,1.0,23.0,0
16746,11,12,314,174,1.0,1.0,257,23.363636363636363,6.0,128.0,0
16748,128,3,34,27,1.0,1.0,116,58.0,2.0,35.0,0
16750,31,3,47,44,1.0,1.0,110,55.0,2.0,48.0,0
16755,24,3,164,133,1.0,1.0,201,100.5,0.0,0.0,1
16764,9,4,195,110,1.0,1.0,43,14.333333333333334,9.0,497.0,0
16766,183,2,34,17,1.0,1.0,0,0.0,0.0,0.0,1
16767,4,7,186,137,1.0,1.0,222,37.0,4.0,34.0,0
16768,14,2,42,40,1.0,1.0,168,168.0,1.0,11.0,0
16770,147,4,97,82,1.0,1.0,135,45.0,1.0,39.0,0
16771,185,3,175,154,1.0,1.0,62,31.0,2.0,78.0,0
16774,26,3,31,20,1.0,1.0,62,31.0,1.0,16.0,0
16775,32,8,102,65,1.0,1.0,244,34.857142857142854,3.0,55.0,0
16779,17,15,230,130,1.0,1.0,260,18.571428571428573,7.0,100.0,0
16780,10,2,55,51,1.0,1.0,158,158.0,0.0,0.0,1
16782,48,9,151,89,1.0,1.0,227,28.375,4.0,32.0,0
16788,33,2,147,138,1.0,1.0,131,131.0,0.0,0.0,1
16791,32,5,145,111,1.0,1.0,209,52.25,2.0,167.0,0
16792,192,2,11,11,1.0,1.0,0,0.0,0.0,0.0,1
16794,18,4,149,100,1.0,1.0,71,23.666666666666668,6.0,125.0,0
16801,73,4,75,72,1.0,1.0,110,36.666666666666664,0.0,0.0,1
16805,84,2,98,94,1.0,1.0,186,186.0,0.0,0.0,1
16806,13,4,92,68,1.0,1.0,135,45.0,0.0,0.0,1
16807,53,3,67,57,1.0,1.0,128,64.0,0.0,0.0,1
16808,9,2,23,21,1.0,1.0,175,175.0,0.0,0.0,1
16809,46,3,91,61,1.0,1.0,125,62.5,2.0,56.0,0
16813,7,7,326,200,1.0,1.0,107,17.833333333333332,3.0,93.0,0
16814,19,16,264,110,1.0,1.0,261,17.4,5.0,55.0,0
16816,13,4,28,28,1.0,1.0,254,84.66666666666667,0.0,0.0,1
16817,96,7,60,52,1.0,1.0,182,30.333333333333332,2.0,26.0,0
16818,3,9,143,132,1.0,1.0,112,14.0,2.0,46.0,0
16828,3,2,8,8,1.0,1.0,19,19.0,0.0,0.0,1
16832,94,3,12,11,1.0,1.0,33,16.5,0.0,0.0,1
16833,170,3,32,32,1.0,1.0,74,37.0,1.0,15.0,0
16835,38,2,10,10,1.0,1.0,244,244.0,0.0,0.0,1
16837,68,9,90,77,1.0,1.0,88,11.0,2.0,75.0,0
16838,107,2,25,24,1.0,1.0,90,90.0,0.0,0.0,1
16839,20,22,190,97,1.0,1.0,259,12.333333333333334,12.0,76.0,0
16841,47,5,99,89,1.0,1.0,150,37.5,1.0,17.0,0
16842,11,3,63,45,1.0,1.0,201,100.5,0.0,0.0,1
16843,4,13,319,188,1.0,1.0,233,19.416666666666668,3.0,59.0,0
16859,55,2,52,50,1.0,1.0,116,116.0,0.0,0.0,1
16866,51,3,11,10,1.0,1.0,20,10.0,0.0,0.0,1
16869,76,2,57,56,1.0,1.0,9,9.0,2.0,69.0,0
16871,121,4,106,104,1.0,1.0,60,20.0,2.0,31.0,0
16872,15,2,4,3,1.0,1.0,79,79.0,1.0,3.0,0
16873,37,4,151,97,1.0,1.0,236,78.66666666666667,2.0,128.0,0
16875,55,4,59,53,1.0,1.0,195,65.0,1.0,53.0,0
16877,62,2,49,46,1.0,1.0,56,56.0,4.0,106.0,0
16880,10,6,134,92,1.0,1.0,89,17.8,1.0,36.0,0
16882,149,2,15,15,1.0,1.0,77,77.0,1.0,24.0,0
16883,97,2,37,33,1.0,1.0,184,184.0,0.0,0.0,1
16889,105,3,134,112,1.0,1.0,142,71.0,0.0,0.0,1
16891,6,3,119,111,1.0,1.0,275,137.5,2.0,64.0,0
16897,209,2,37,37,1.0,1.0,14,14.0,0.0,0.0,1
16898,87,2,99,99,1.0,1.0,191,191.0,1.0,58.0,0
16899,60,3,68,58,1.0,1.0,210,105.0,3.0,55.0,0
16904,5,14,558,335,1.0,1.0,272,20.923076923076923,2.0,101.0,0
16905,147,3,55,44,1.0,1.0,135,67.5,4.0,128.0,0
16906,97,3,41,33,1.0,1.0,61,30.5,1.0,43.0,0
16907,58,4,109,74,1.0,1.0,217,72.33333333333333,1.0,31.0,0
16912,44,7,62,50,1.0,1.0,188,31.333333333333332,4.0,38.0,0
16915,37,4,31,29,1.0,1.0,156,52.0,2.0,26.0,0
16918,5,3,92,78,1.0,1.0,221,110.5,3.0,34.0,0
16919,66,11,326,141,1.0,1.0,212,21.2,0.0,0.0,1
16923,9,14,385,221,1.0,1.0,263,20.23076923076923,5.0,222.0,0
16927,26,3,6,5,1.0,1.0,245,122.5,0.0,0.0,1
16928,4,15,172,66,1.0,1.0,278,19.857142857142858,2.0,23.0,0
16929,38,2,28,23,1.0,1.0,27,27.0,5.0,49.0,0
16931,13,14,591,345,1.0,1.0,266,20.46153846153846,7.0,286.0,0
16938,90,3,210,205,1.0,1.0,129,64.5,1.0,21.0,0
16940,79,2,185,162,1.0,1.0,120,120.0,1.0,118.0,0
16942,46,7,190,115,1.0,1.0,91,15.166666666666666,2.0,82.0,0
16943,122,3,33,23,1.0,1.0,106,53.0,0.0,0.0,1
16945,9,13,175,102,1.0,1.0,259,21.583333333333332,6.0,74.0,0
16948,49,3,19,15,1.0,1.0,187,93.5,0.0,0.0,1
16949,96,4,32,32,1.0,1.0,130,43.333333333333336,2.0,28.0,0
16950,34,2,26,26,1.0,1.0,242,242.0,1.0,15.0,0
16951,45,3,86,73,1.0,1.0,169,84.5,0.0,0.0,1
16952,19,2,16,16,1.0,1.0,0,0.0,0.0,0.0,1
16954,35,4,40,34,1.0,1.0,235,78.33333333333333,5.0,14.0,0
16955,95,4,25,18,1.0,1.0,188,62.666666666666664,0.0,0.0,1
16957,149,2,16,15,1.0,1.0,42,42.0,0.0,0.0,1
16966,80,4,22,8,1.0,1.0,70,23.333333333333332,3.0,6.0,0
16969,44,2,32,32,1.0,1.0,57,57.0,1.0,10.0,0
16979,58,2,19,19,1.0,1.0,149,149.0,4.0,69.0,0
16980,165,2,76,71,1.0,1.0,36,36.0,0.0,0.0,1
16983,7,5,102,87,1.0,1.0,272,68.0,2.0,38.0,0
16985,68,7,78,50,1.0,1.0,200,33.333333333333336,3.0,42.0,0
16987,80,3,42,29,1.0,1.0,35,17.5,4.0,82.0,0
16989,8,2,8,7,1.0,1.0,52,52.0,4.0,4.0,0
16992,9,3,60,57,1.0,1.0,185,92.5,2.0,33.0,0
16996,31,5,26,11,1.0,1.0,232,58.0,1.0,11.0,0
16997,198,3,12,7,1.0,1.0,37,18.5,0.0,0.0,1
16998,60,4,4,1,1.0,1.0,154,51.333333333333336,0.0,0.0,1
17001,2,8,122,60,1.0,1.0,267,38.142857142857146,3.0,47.0,0
17002,126,2,30,24,1.0,1.0,74,74.0,1.0,19.0,0
17007,65,5,33,33,1.0,1.0,202,50.5,1.0,19.0,0
17017,72,14,184,81,1.0,1.0,210,16.153846153846153,6.0,68.0,0
17019,172,3,156,114,1.0,1.0,106,53.0,1.0,65.0,0
17024,9,2,2,1,1.0,1.0,58,58.0,1.0,1.0,0
17025,283,2,5,5,1.0,1.0,0,0.0,1.0,4.0,0
17026,95,2,4,4,1.0,1.0,184,184.0,0.0,0.0,1
17027,89,4,116,95,1.0,1.0,137,45.666666666666664,2.0,22.0,0
17029,21,2,2,1,1.0,1.0,126,126.0,0.0,0.0,1
17033,124,2,14,12,1.0,1.0,145,145.0,1.0,14.0,0
17035,156,2,28,27,1.0,1.0,65,65.0,0.0,0.0,1
17041,19,2,46,45,1.0,1.0,251,251.0,1.0,23.0,0
17042,31,4,88,69,1.0,1.0,125,41.666666666666664,1.0,9.0,0
17043,88,2,27,27,1.0,1.0,87,87.0,2.0,75.0,0
17045,23,3,22,20,1.0,1.0,134,67.0,0.0,0.0,1
17047,115,2,43,40,1.0,1.0,0,0.0,1.0,22.0,0
17048,28,3,43,41,1.0,1.0,213,106.5,0.0,0.0,1
17049,28,5,135,105,1.0,1.0,158,39.5,4.0,182.0,0
17050,6,6,303,169,1.0,1.0,203,40.6,0.0,0.0,1
17054,48,4,73,58,1.0,1.0,107,35.666666666666664,1.0,10.0,0
17058,109,2,49,42,1.0,1.0,40,40.0,1.0,13.0,0
17059,20,4,362,232,1.0,1.0,259,86.33333333333333,1.0,146.0,0
17061,21,10,79,48,1.0,1.0,121,13.444444444444445,1.0,20.0,0
17062,224,4,69,52,1.0,1.0,55,18.333333333333332,0.0,0.0,1
17063,73,4,38,35,1.0,1.0,126,42.0,3.0,40.0,0
17064,93,2,41,36,1.0,1.0,144,144.0,1.0,19.0,0
17068,5,16,222,89,1.0,1.0,273,18.2,5.0,74.0,0
17069,65,5,79,68,1.0,1.0,217,54.25,4.0,64.0,0
17071,44,6,88,65,1.0,1.0,175,35.0,3.0,52.0,0
17075,163,3,62,49,1.0,1.0,64,32.0,1.0,15.0,0
17076,184,2,14,11,1.0,1.0,90,90.0,1.0,11.0,0
17083,19,3,52,24,1.0,1.0,194,97.0,0.0,0.0,1
17085,33,5,186,115,1.0,1.0,239,59.75,0.0,0.0,1
17088,93,2,77,72,1.0,1.0,70,70.0,2.0,38.0,0
17090,8,4,18,14,1.0,1.0,256,85.33333333333333,3.0,42.0,0
17091,8,7,149,108,1.0,1.0,269,44.833333333333336,2.0,46.0,0
17092,36,2,45,42,1.0,1.0,151,151.0,2.0,74.0,0
17095,209,2,34,33,1.0,1.0,35,35.0,1.0,40.0,0
17096,53,2,23,22,1.0,1.0,118,118.0,2.0,25.0,0
17097,10,6,126,103,1.0,1.0,265,53.0,2.0,84.0,0
17105,69,2,90,80,1.0,1.0,147,147.0,0.0,0.0,1
17107,65,3,230,179,1.0,1.0,123,61.5,3.0,174.0,0
17109,142,2,52,52,1.0,1.0,0,0.0,4.0,62.0,0
17114,49,6,88,66,1.0,1.0,196,39.2,2.0,32.0,0
17115,93,2,32,28,1.0,1.0,50,50.0,1.0,7.0,0
17126,62,5,240,187,1.0,1.0,210,52.5,0.0,0.0,1
17133,100,3,14,9,1.0,1.0,76,38.0,4.0,13.0,0
17134,17,2,23,21,1.0,1.0,157,157.0,0.0,0.0,1
17135,200,2,21,19,1.0,1.0,82,82.0,5.0,31.0,0
17139,33,7,286,208,1.0,1.0,166,27.666666666666668,5.0,191.0,0
17146,16,3,35,33,1.0,1.0,253,126.5,0.0,0.0,1
17147,117,2,46,42,1.0,1.0,105,105.0,2.0,35.0,0
17152,105,3,14,9,1.0,1.0,68,34.0,0.0,0.0,1
17158,143,2,39,36,1.0,1.0,127,127.0,1.0,28.0,0
17160,19,5,191,85,1.0,1.0,132,33.0,1.0,38.0,0
17162,41,9,89,75,1.0,1.0,174,21.75,1.0,15.0,0
17164,62,3,77,53,1.0,1.0,121,60.5,4.0,67.0,0
17173,27,2,25,13,1.0,1.0,14,14.0,6.0,61.0,0
17175,51,3,56,42,1.0,1.0,155,77.5,1.0,7.0,0
17179,88,3,80,56,1.0,1.0,183,91.5,0.0,0.0,1
17180,151,3,94,77,1.0,1.0,74,37.0,1.0,31.0,0
17188,74,5,56,51,1.0,1.0,198,49.5,2.0,28.0,0
17189,16,2,59,52,1.0,1.0,253,253.0,0.0,0.0,1
17191,5,6,179,130,1.0,1.0,273,54.6,1.0,52.0,0
17193,87,2,8,4,1.0,1.0,0,0.0,5.0,24.0,0
17194,184,2,27,26,1.0,1.0,86,86.0,0.0,0.0,1
17198,275,2,76,73,1.0,1.0,5,5.0,1.0,17.0,0
17204,85,4,57,44,1.0,1.0,88,29.333333333333332,0.0,0.0,1
17211,90,6,141,106,1.0,1.0,189,37.8,2.0,67.0,0
17213,51,5,99,67,1.0,1.0,225,56.25,2.0,58.0,0
17214,159,4,66,56,1.0,1.0,110,36.666666666666664,2.0,33.0,0
17218,124,5,135,85,1.0,1.0,154,38.5,5.0,133.0,0
17220,9,10,314,233,1.0,1.0,265,29.444444444444443,4.0,142.0,0
17223,220,2,47,43,1.0,1.0,58,58.0,0.0,0.0,1
17227,83,3,21,17,1.0,1.0,195,97.5,3.0,23.0,0
17228,118,4,82,69,1.0,1.0,164,54.666666666666664,4.0,125.0,0
17229,6,2,47,39,1.0,1.0,46,46.0,0.0,0.0,1
17230,174,8,69,51,1.0,1.0,95,13.571428571428571,0.0,0.0,1
17231,36,7,325,209,1.0,1.0,235,39.166666666666664,3.0,191.0,0
17236,89,5,73,62,1.0,1.0,183,45.75,1.0,30.0,0
17238,46,11,328,212,1.0,1.0,235,23.5,6.0,205.0,0
17242,18,2,40,30,1.0,1.0,72,72.0,0.0,0.0,1
17243,3,16,234,127,1.0,1.0,277,18.466666666666665,10.0,146.0,0
17252,27,2,86,86,1.0,1.0,69,69.0,0.0,0.0,1
17256,17,2,13,12,1.0,1.0,204,204.0,0.0,0.0,1
17259,58,2,108,104,1.0,1.0,220,220.0,0.0,0.0,1
17262,137,4,10,7,1.0,1.0,139,46.333333333333336,1.0,2.0,0
17265,49,2,118,106,1.0,1.0,41,41.0,0.0,0.0,1
17267,37,2,37,37,1.0,1.0,0,0.0,0.0,0.0,1
17268,18,4,6,3,1.0,1.0,137,45.666666666666664,0.0,0.0,1
17272,109,2,79,59,1.0,1.0,63,63.0,2.0,35.0,0
17277,138,2,69,67,1.0,1.0,95,95.0,0.0,0.0,1
17282,40,3,88,79,1.0,1.0,169,84.5,0.0,0.0,1
17284,31,5,262,219,1.0,1.0,215,53.75,1.0,26.0,0
17287,53,5,73,61,1.0,1.0,229,57.25,2.0,49.0,0
17288,117,5,26,13,1.0,1.0,151,37.75,2.0,107.0,0
17293,29,5,51,45,1.0,1.0,241,60.25,4.0,79.0,0
17298,11,2,30,30,1.0,1.0,23,23.0,0.0,0.0,1
17299,10,2,25,24,1.0,1.0,72,72.0,2.0,30.0,0
17302,33,3,54,48,1.0,1.0,182,91.0,2.0,25.0,0
17306,10,15,49,9,1.0,1.0,253,18.071428571428573,4.0,17.0,0
17312,49,3,14,11,1.0,1.0,20,10.0,0.0,0.0,1
17314,59,5,65,57,1.0,1.0,164,41.0,3.0,66.0,0
17315,10,30,367,233,1.0,1.0,257,8.862068965517242,8.0,100.0,0
17320,10,3,73,57,1.0,1.0,267,133.5,0.0,0.0,1
17323,35,4,120,98,1.0,1.0,167,55.666666666666664,3.0,72.0,0
17324,242,2,17,17,1.0,1.0,34,34.0,2.0,32.0,0
17334,212,2,11,11,1.0,1.0,6,6.0,0.0,0.0,1
17337,61,4,504,421,1.0,1.0,158,52.666666666666664,0.0,0.0,1
17338,24,7,543,320,1.0,1.0,247,41.166666666666664,1.0,138.0,0
17339,4,2,9,9,1.0,1.0,270,270.0,0.0,0.0,1
17340,30,7,261,157,1.0,1.0,245,40.833333333333336,4.0,146.0,0
17341,67,3,148,147,1.0,1.0,209,104.5,0.0,0.0,1
17345,3,3,34,32,1.0,1.0,103,51.5,1.0,40.0,0
17346,13,8,241,170,1.0,1.0,270,38.57142857142857,7.0,231.0,0
17351,79,2,19,17,1.0,1.0,104,104.0,1.0,8.0,0
17353,39,2,8,5,1.0,1.0,25,25.0,0.0,0.0,1
17358,213,2,57,55,1.0,1.0,52,52.0,0.0,0.0,1
17361,96,2,16,16,1.0,1.0,105,105.0,1.0,12.0,0
17362,149,2,35,30,1.0,1.0,70,70.0,0.0,0.0,1
17364,47,6,219,153,1.0,1.0,193,38.6,5.0,183.0,0
17365,80,5,241,172,1.0,1.0,162,40.5,3.0,206.0,0
17368,3,6,66,56,1.0,1.0,244,48.8,2.0,40.0,0
17370,2,2,17,16,1.0,1.0,77,77.0,2.0,16.0,0
17372,76,6,197,177,1.0,1.0,196,39.2,2.0,52.0,0
17373,44,2,28,26,1.0,1.0,178,178.0,2.0,29.0,0
17374,129,2,28,24,1.0,1.0,62,62.0,0.0,0.0,1
17375,109,3,69,63,1.0,1.0,162,81.0,0.0,0.0,1
17377,36,9,158,91,1.0,1.0,247,30.875,11.0,239.0,0
17381,9,24,96,40,1.0,1.0,273,11.869565217391305,5.0,13.0,0
17386,9,5,11,8,1.0,1.0,66,16.5,1.0,17.0,0
17388,42,3,13,12,1.0,1.0,156,78.0,1.0,2.0,0
17389,6,25,121,37,1.0,1.0,235,9.791666666666666,9.0,92.0,0
17391,74,2,3,2,1.0,1.0,0,0.0,0.0,0.0,1
17392,217,2,54,53,1.0,1.0,51,51.0,0.0,0.0,1
17396,59,6,18,18,1.0,1.0,223,44.6,2.0,9.0,0
17398,25,3,38,30,1.0,1.0,140,70.0,0.0,0.0,1
17400,36,5,199,175,1.0,1.0,226,56.5,0.0,0.0,1
17402,12,8,47,29,1.0,1.0,267,38.142857142857146,5.0,12.0,0
17404,33,10,138,93,1.0,1.0,236,26.22222222222222,5.0,60.0,0
17406,243,3,106,99,1.0,1.0,33,16.5,0.0,0.0,1
17409,95,2,13,13,1.0,1.0,63,63.0,0.0,0.0,1
17410,6,2,22,22,1.0,1.0,119,119.0,3.0,42.0,0
17412,106,4,35,30,1.0,1.0,175,58.333333333333336,3.0,31.0,0
17416,20,5,189,153,1.0,1.0,171,42.75,2.0,80.0,0
17419,54,8,131,107,1.0,1.0,223,31.857142857142858,4.0,75.0,0
17420,81,2,21,19,1.0,1.0,202,202.0,1.0,9.0,0
17422,3,5,101,80,1.0,1.0,203,50.75,1.0,16.0,0
17426,1,4,226,153,1.0,1.0,190,63.333333333333336,2.0,45.0,0
17428,21,20,252,205,1.0,1.0,258,13.578947368421053,8.0,76.0,0
17429,38,3,39,36,1.0,1.0,90,45.0,0.0,0.0,1
17440,67,3,5,3,1.0,1.0,90,45.0,0.0,0.0,1
17442,4,5,115,86,1.0,1.0,196,49.0,1.0,20.0,0
17444,58,3,135,132,1.0,1.0,25,12.5,0.0,0.0,1
17446,87,2,9,6,1.0,1.0,133,133.0,0.0,0.0,1
17449,5,4,177,119,1.0,1.0,264,88.0,3.0,98.0,0
17450,5,23,186,107,1.0,1.0,272,12.363636363636363,23.0,150.0,0
17454,102,4,61,57,1.0,1.0,167,55.666666666666664,0.0,0.0,1
17457,37,5,19,14,1.0,1.0,212,53.0,0.0,0.0,1
17460,4,6,29,18,1.0,1.0,278,55.6,0.0,0.0,1
17463,86,3,119,103,1.0,1.0,136,68.0,2.0,85.0,0
17469,19,3,53,44,1.0,1.0,95,47.5,2.0,35.0,0
17470,37,4,58,54,1.0,1.0,240,80.0,1.0,20.0,0
17472,101,3,169,142,1.0,1.0,108,54.0,0.0,0.0,1
17483,44,2,13,13,1.0,1.0,48,48.0,1.0,8.0,0
17491,6,6,69,58,1.0,1.0,271,54.2,4.0,40.0,0
17501,131,2,18,18,1.0,1.0,0,0.0,0.0,0.0,1
17504,116,9,127,112,1.0,1.0,116,14.5,0.0,0.0,1
17505,72,2,52,48,1.0,1.0,44,44.0,0.0,0.0,1
17507,172,2,87,79,1.0,1.0,47,47.0,0.0,0.0,1
17511,4,21,664,357,1.0,1.0,280,14.0,10.0,299.0,0
17512,31,8,75,40,1.0,1.0,180,25.714285714285715,2.0,30.0,0
17515,116,3,76,47,1.0,1.0,111,55.5,1.0,10.0,0
17516,29,4,110,95,1.0,1.0,166,55.333333333333336,1.0,23.0,0
17519,44,5,66,50,1.0,1.0,234,58.5,1.0,16.0,0
17522,49,4,64,54,1.0,1.0,79,26.333333333333332,1.0,6.0,0
17526,201,3,10,9,1.0,1.0,74,37.0,1.0,9.0,0
17527,20,2,25,25,1.0,1.0,108,108.0,2.0,22.0,0
17530,116,6,256,216,1.0,1.0,158,31.6,4.0,124.0,0
17550,107,3,42,42,1.0,1.0,45,22.5,0.0,0.0,1
17552,282,2,13,13,1.0,1.0,0,0.0,2.0,36.0,0
17554,33,2,62,51,1.0,1.0,25,25.0,3.0,25.0,0
17560,5,5,27,22,1.0,1.0,215,53.75,0.0,0.0,1
17562,20,4,41,35,1.0,1.0,63,21.0,3.0,22.0,0
17567,3,6,120,83,1.0,1.0,279,55.8,2.0,45.0,0
17571,56,3,72,72,1.0,1.0,152,76.0,1.0,181.0,0
17572,10,3,10,7,1.0,1.0,273,136.5,1.0,2.0,0
17576,9,14,250,173,1.0,1.0,265,20.384615384615383,5.0,147.0,0
17579,48,2,17,15,1.0,1.0,41,41.0,1.0,31.0,0
17580,163,3,45,43,1.0,1.0,105,52.5,0.0,0.0,1
17581,20,17,280,181,1.0,1.0,262,16.375,8.0,159.0,0
17585,19,4,203,176,1.0,1.0,228,76.0,0.0,0.0,1
17588,10,3,23,19,1.0,1.0,132,66.0,0.0,0.0,1
17589,61,3,180,124,1.0,1.0,89,44.5,1.0,71.0,0
17591,32,6,141,81,1.0,1.0,244,48.8,1.0,9.0,0
17593,2,4,159,149,1.0,1.0,260,86.66666666666667,1.0,48.0,0
17596,46,4,157,112,1.0,1.0,232,77.33333333333333,3.0,101.0,0
17602,34,2,110,108,1.0,1.0,199,199.0,4.0,424.0,0
17604,127,2,63,57,1.0,1.0,94,94.0,0.0,0.0,1
17609,212,2,107,103,1.0,1.0,25,25.0,3.0,115.0,0
17611,34,9,482,389,1.0,1.0,237,29.625,6.0,81.0,0
17612,5,5,108,95,1.0,1.0,202,50.5,1.0,27.0,0
17613,28,9,239,173,1.0,1.0,188,23.5,5.0,65.0,0
17615,40,3,14,13,1.0,1.0,91,45.5,0.0,0.0,1
17616,84,3,3,1,1.0,1.0,194,97.0,0.0,0.0,1
17618,158,2,54,48,1.0,1.0,113,113.0,1.0,12.0,0
17621,222,2,15,15,1.0,1.0,41,41.0,1.0,11.0,0
17625,50,2,187,161,1.0,1.0,117,117.0,2.0,107.0,0
17629,30,5,71,66,1.0,1.0,239,59.75,3.0,52.0,0
17630,80,2,26,24,1.0,1.0,62,62.0,0.0,0.0,1
17631,47,2,29,29,1.0,1.0,95,95.0,1.0,10.0,0
17633,13,2,33,30,1.0,1.0,17,17.0,2.0,37.0,0
17634,2,7,234,177,1.0,1.0,245,40.833333333333336,2.0,62.0,0
17642,30,2,40,34,1.0,1.0,56,56.0,0.0,0.0,1
17644,30,7,89,64,1.0,1.0,140,23.333333333333332,4.0,68.0,0
17646,129,3,51,46,1.0,1.0,145,72.5,0.0,0.0,1
17648,103,3,65,62,1.0,1.0,57,28.5,1.0,26.0,0
17651,66,4,70,52,1.0,1.0,21,7.0,6.0,162.0,0
17652,54,6,155,101,1.0,1.0,136,27.2,6.0,104.0,0
17653,10,2,9,9,1.0,1.0,20,20.0,2.0,35.0,0
17655,27,5,63,54,1.0,1.0,249,62.25,2.0,28.0,0
17656,16,3,44,35,1.0,1.0,22,11.0,2.0,38.0,0
17659,10,9,82,68,1.0,1.0,271,33.875,3.0,76.0,0
17663,65,4,48,33,1.0,1.0,132,44.0,3.0,38.0,0
17667,72,4,99,81,1.0,1.0,137,45.666666666666664,1.0,18.0,0
17669,32,5,51,38,1.0,1.0,127,31.75,2.0,17.0,0
17671,68,3,44,38,1.0,1.0,207,103.5,1.0,9.0,0
17673,72,4,158,110,1.0,1.0,157,52.333333333333336,2.0,56.0,0
17675,11,23,491,179,1.0,1.0,266,12.090909090909092,8.0,214.0,0
17676,19,4,41,31,1.0,1.0,257,85.66666666666667,2.0,36.0,0
17677,10,20,204,125,1.0,1.0,268,14.105263157894736,10.0,99.0,0
17682,25,5,89,39,1.0,1.0,253,63.25,1.0,29.0,0
17685,177,5,55,39,1.0,1.0,105,26.25,2.0,70.0,0
17686,31,5,225,174,1.0,1.0,182,45.5,2.0,61.0,0
17690,12,11,184,144,1.0,1.0,271,27.1,4.0,66.0,0
17691,268,2,19,18,1.0,1.0,10,10.0,0.0,0.0,1
17692,37,4,46,34,1.0,1.0,232,77.33333333333333,0.0,0.0,1
17695,42,2,35,30,1.0,1.0,39,39.0,0.0,0.0,1
17696,18,7,94,71,1.0,1.0,256,42.666666666666664,1.0,21.0,0
17700,5,3,94,78,1.0,1.0,186,93.0,1.0,48.0,0
17702,19,3,55,46,1.0,1.0,97,48.5,1.0,19.0,0
17703,19,2,36,32,1.0,1.0,29,29.0,1.0,19.0,0
17704,79,2,31,27,1.0,1.0,71,71.0,0.0,0.0,1
17705,17,6,61,42,1.0,1.0,194,38.8,3.0,42.0,0
17706,10,12,308,246,1.0,1.0,266,24.181818181818183,5.0,74.0,0
17707,95,2,5,3,1.0,1.0,151,151.0,0.0,0.0,1
17708,98,2,34,28,1.0,1.0,137,137.0,0.0,0.0,1
17716,5,7,195,137,1.0,1.0,173,28.833333333333332,4.0,50.0,0
17719,16,12,222,100,1.0,1.0,149,13.545454545454545,3.0,52.0,0
17720,23,3,37,32,1.0,1.0,254,127.0,1.0,13.0,0
17722,6,4,115,111,1.0,1.0,270,90.0,0.0,0.0,1
17723,37,6,10,4,1.0,1.0,87,17.4,0.0,0.0,1
17725,11,8,141,94,1.0,1.0,166,23.714285714285715,3.0,51.0,0
17730,16,8,136,86,1.0,1.0,220,31.428571428571427,5.0,82.0,0
17731,38,3,49,38,1.0,1.0,54,27.0,1.0,18.0,0
17734,47,2,33,31,1.0,1.0,96,96.0,1.0,10.0,0
17735,4,16,590,270,1.0,1.0,274,18.266666666666666,3.0,100.0,0
17738,59,3,77,72,1.0,1.0,133,66.5,1.0,20.0,0
17739,107,3,18,16,1.0,1.0,163,81.5,4.0,29.0,0
17742,23,2,15,13,1.0,1.0,219,219.0,0.0,0.0,1
17744,161,4,62,50,1.0,1.0,107,35.666666666666664,2.0,74.0,0
17749,88,2,35,33,1.0,1.0,78,78.0,0.0,0.0,1
17750,9,5,133,93,1.0,1.0,65,16.25,4.0,45.0,0
17754,52,2,39,38,1.0,1.0,118,118.0,3.0,47.0,0
17757,24,20,424,190,1.0,1.0,257,13.526315789473685,10.0,313.0,0
17758,62,4,193,172,1.0,1.0,97,32.333333333333336,4.0,203.0,0
17759,79,2,18,18,1.0,1.0,0,0.0,1.0,66.0,0
17765,69,3,52,51,1.0,1.0,98,49.0,0.0,0.0,1
17769,49,4,172,129,1.0,1.0,181,60.333333333333336,6.0,128.0,0
17770,109,5,38,33,1.0,1.0,83,20.75,0.0,0.0,1
17774,7,4,151,123,1.0,1.0,208,69.33333333333333,0.0,0.0,1
17781,69,2,12,12,1.0,1.0,93,93.0,0.0,0.0,1
17787,63,4,127,94,1.0,1.0,218,72.66666666666667,0.0,0.0,1
17790,30,12,125,79,1.0,1.0,244,22.181818181818183,2.0,62.0,0
17795,90,2,44,43,1.0,1.0,85,85.0,0.0,0.0,1
17796,224,3,76,60,1.0,1.0,56,28.0,1.0,4.0,0
17799,9,9,333,245,1.0,1.0,262,32.75,1.0,64.0,0
17800,1,7,76,41,1.0,1.0,242,40.333333333333336,2.0,24.0,0
17802,90,2,75,66,1.0,1.0,192,192.0,1.0,64.0,0
17809,39,8,35,33,1.0,1.0,244,34.857142857142854,4.0,26.0,0
17811,2,24,463,244,1.0,1.0,241,10.478260869565217,15.0,336.0,0
17816,179,2,11,11,1.0,1.0,96,96.0,2.0,6.0,0
17817,187,2,12,12,1.0,1.0,0,0.0,1.0,20.0,0
17819,93,6,46,36,1.0,1.0,188,37.6,1.0,2.0,0
17827,152,4,154,140,1.0,1.0,122,40.666666666666664,1.0,58.0,0
17828,20,3,55,51,1.0,1.0,75,37.5,1.0,12.0,0
17830,172,2,16,15,1.0,1.0,27,27.0,1.0,7.0,0
17837,58,3,33,23,1.0,1.0,15,7.5,5.0,127.0,0
17838,202,3,73,64,1.0,1.0,79,39.5,2.0,41.0,0
17841,2,81,4343,1053,1.0,1.0,281,3.5125,43.0,3134.0,0
17848,38,8,50,41,1.0,1.0,229,32.714285714285715,1.0,1.0,0
17849,128,4,26,14,1.0,1.0,115,38.333333333333336,0.0,0.0,1
17850,282,34,297,21,1.0,1.0,1,0.030303030303030304,0.0,0.0,1
17854,95,2,15,15,1.0,1.0,41,41.0,0.0,0.0,1
17856,143,3,9,6,1.0,1.0,48,24.0,1.0,6.0,0
17857,9,14,28,13,1.0,1.0,267,20.53846153846154,9.0,26.0,0
17858,26,9,107,65,1.0,1.0,253,31.625,3.0,88.0,0
17861,46,5,135,114,1.0,1.0,183,45.75,3.0,83.0,0
17863,55,4,88,60,1.0,1.0,224,74.66666666666667,2.0,60.0,0
17865,18,12,259,145,1.0,1.0,256,23.272727272727273,8.0,110.0,0
17867,54,4,8,8,1.0,1.0,145,48.333333333333336,2.0,54.0,0
17869,17,5,40,37,1.0,1.0,260,65.0,0.0,0.0,1
17870,2,7,89,83,1.0,1.0,275,45.833333333333336,5.0,170.0,0
17873,94,4,35,23,1.0,1.0,188,62.666666666666664,1.0,7.0,0
17874,95,6,46,37,1.0,1.0,70,14.0,0.0,0.0,1
17884,222,3,89,86,1.0,1.0,59,29.5,1.0,22.0,0
17886,121,2,45,44,1.0,1.0,38,38.0,1.0,56.0,0
17888,71,4,35,32,1.0,1.0,195,65.0,4.0,28.0,0
17889,122,2,20,20,1.0,1.0,109,109.0,0.0,0.0,1
17890,233,2,90,88,1.0,1.0,38,38.0,0.0,0.0,1
17894,6,7,158,108,1.0,1.0,269,44.833333333333336,1.0,33.0,0
17897,83,3,103,100,1.0,1.0,200,100.0,0.0,0.0,1
17900,100,2,6,4,1.0,1.0,0,0.0,0.0,0.0,1
17905,67,3,32,32,1.0,1.0,216,108.0,1.0,1.0,0
17912,220,5,37,35,1.0,1.0,54,13.5,0.0,0.0,1
17917,166,2,60,57,1.0,1.0,106,106.0,1.0,28.0,0
17920,15,9,279,229,1.0,1.0,268,33.5,8.0,351.0,0
17921,58,3,100,82,1.0,1.0,118,59.0,1.0,41.0,0
17924,212,2,3,2,1.0,1.0,72,72.0,5.0,28.0,0
17926,43,2,21,17,1.0,1.0,70,70.0,0.0,0.0,1
17929,23,3,4,4,1.0,1.0,195,97.5,1.0,1.0,0
17930,72,2,20,19,1.0,1.0,77,77.0,3.0,19.0,0
17931,44,2,64,63,1.0,1.0,121,121.0,0.0,0.0,1
17932,84,2,64,63,1.0,1.0,37,37.0,1.0,26.0,0
17935,48,2,28,28,1.0,1.0,3,3.0,0.0,0.0,1
17937,25,5,33,19,1.0,1.0,247,61.75,2.0,10.0,0
17940,18,9,17,6,1.0,1.0,194,24.25,1.0,1.0,0
17946,143,2,18,18,1.0,1.0,26,26.0,0.0,0.0,1
17949,3,33,55,26,1.0,1.0,278,8.6875,12.0,14.0,0
17950,275,2,39,36,1.0,1.0,0,0.0,1.0,30.0,0
17951,268,2,9,9,1.0,1.0,15,15.0,1.0,11.0,0
17954,33,10,383,269,1.0,1.0,247,27.444444444444443,2.0,91.0,0
17955,109,4,19,14,1.0,1.0,20,6.666666666666667,0.0,0.0,1
17961,34,31,220,195,1.0,1.0,248,8.266666666666667,8.0,28.0,0
17965,2,12,279,238,1.0,1.0,277,25.181818181818183,2.0,44.0,0
17966,61,4,61,52,1.0,1.0,109,36.333333333333336,1.0,7.0,0
17969,76,2,14,14,1.0,1.0,194,194.0,0.0,0.0,1
17975,25,11,244,170,1.0,1.0,251,25.1,2.0,43.0,0
17979,79,3,88,84,1.0,1.0,90,45.0,1.0,39.0,0
17980,76,3,30,23,1.0,1.0,193,96.5,0.0,0.0,1
17988,27,5,26,25,1.0,1.0,209,52.25,2.0,12.0,0
17990,147,3,29,27,1.0,1.0,124,62.0,0.0,0.0,1
17991,135,2,5,4,1.0,1.0,0,0.0,0.0,0.0,1
17994,32,4,78,63,1.0,1.0,169,56.333333333333336,0.0,0.0,1
17997,2,6,141,118,1.0,1.0,71,14.2,2.0,22.0,0
18008,113,7,24,22,1.0,1.0,115,19.166666666666668,2.0,3.0,0
18013,65,2,31,31,1.0,1.0,0,0.0,0.0,0.0,1
18016,96,3,57,49,1.0,1.0,177,88.5,2.0,65.0,0
18017,79,2,2,1,1.0,1.0,141,141.0,1.0,1.0,0
18018,18,2,29,29,1.0,1.0,91,91.0,0.0,0.0,1
18024,63,2,21,21,1.0,1.0,0,0.0,0.0,0.0,1
18036,15,2,57,54,1.0,1.0,140,140.0,1.0,34.0,0
18037,64,6,19,19,1.0,1.0,207,41.4,0.0,0.0,1
18041,14,16,333,227,1.0,1.0,269,17.933333333333334,5.0,110.0,0
18043,117,2,88,87,1.0,1.0,160,160.0,1.0,22.0,0
18044,76,7,77,63,1.0,1.0,194,32.333333333333336,3.0,50.0,0
18048,113,2,7,6,1.0,1.0,0,0.0,0.0,0.0,1
18055,38,7,167,122,1.0,1.0,241,40.166666666666664,3.0,187.0,0
18061,18,8,41,18,1.0,1.0,258,36.857142857142854,2.0,5.0,0
18062,83,3,27,23,1.0,1.0,164,82.0,0.0,0.0,1
18064,43,2,7,7,1.0,1.0,102,102.0,0.0,0.0,1
18065,94,8,83,71,1.0,1.0,180,25.714285714285715,6.0,54.0,0
18069,90,3,232,199,1.0,1.0,146,73.0,2.0,221.0,0
18071,168,2,25,23,1.0,1.0,108,108.0,0.0,0.0,1
18073,24,12,71,23,1.0,1.0,82,7.454545454545454,0.0,0.0,1
18075,16,8,107,74,1.0,1.0,254,36.285714285714285,2.0,35.0,0
18077,14,7,150,82,1.0,1.0,263,43.833333333333336,4.0,72.0,0
18078,127,2,29,27,1.0,1.0,41,41.0,0.0,0.0,1
18079,37,2,68,59,1.0,1.0,111,111.0,2.0,52.0,0
18081,23,2,10,7,1.0,1.0,21,21.0,1.0,7.0,0
18085,240,2,29,25,1.0,1.0,43,43.0,0.0,0.0,1
18087,8,2,2,2,1.0,1.0,192,192.0,0.0,0.0,1
18092,30,8,52,21,1.0,1.0,246,35.142857142857146,3.0,37.0,0
18093,3,4,36,31,1.0,1.0,209,69.66666666666667,0.0,0.0,1
18094,46,5,56,35,1.0,1.0,155,38.75,2.0,14.0,0
18095,223,2,21,20,1.0,1.0,20,20.0,0.0,0.0,1
18097,37,5,83,56,1.0,1.0,227,56.75,1.0,23.0,0
18102,9,27,163,54,1.0,1.0,268,10.307692307692308,33.0,268.0,0
18109,1,18,300,114,1.0,1.0,278,16.352941176470587,8.0,135.0,0
18116,144,7,332,220,1.0,1.0,130,21.666666666666668,1.0,36.0,0
18118,2,19,904,367,1.0,1.0,278,15.444444444444445,7.0,348.0,0
18121,59,2,30,28,1.0,1.0,5,5.0,0.0,0.0,1
18125,112,3,163,146,1.0,1.0,114,57.0,1.0,24.0,0
18136,122,2,32,30,1.0,1.0,107,107.0,1.0,6.0,0
18142,67,2,15,9,1.0,1.0,58,58.0,0.0,0.0,1
18143,27,2,61,59,1.0,1.0,25,25.0,0.0,0.0,1
18144,20,9,33,24,1.0,1.0,263,32.875,3.0,10.0,0
18145,115,2,67,60,1.0,1.0,107,107.0,2.0,150.0,0
18146,51,2,10,10,1.0,1.0,79,79.0,0.0,0.0,1
18149,126,2,14,9,1.0,1.0,58,58.0,1.0,2.0,0
18150,50,2,26,22,1.0,1.0,61,61.0,1.0,11.0,0
18151,45,2,38,38,1.0,1.0,155,155.0,0.0,0.0,1
18155,81,2,19,14,1.0,1.0,121,121.0,1.0,6.0,0
18161,50,3,36,24,1.0,1.0,179,89.5,2.0,44.0,0
18168,86,6,128,97,1.0,1.0,196,39.2,0.0,0.0,1
18170,22,2,30,27,1.0,1.0,105,105.0,1.0,8.0,0
18171,9,4,45,35,1.0,1.0,234,78.0,1.0,9.0,0
18172,9,11,143,96,1.0,1.0,190,19.0,9.0,46.0,0
18173,109,3,25,20,1.0,1.0,75,37.5,1.0,6.0,0
18177,68,5,59,43,1.0,1.0,98,24.5,1.0,14.0,0
18178,39,4,97,80,1.0,1.0,235,78.33333333333333,0.0,0.0,1
18179,162,4,54,54,1.0,1.0,83,27.666666666666668,2.0,36.0,0
18180,47,2,42,42,1.0,1.0,5,5.0,4.0,77.0,0
18183,137,2,37,36,1.0,1.0,47,47.0,0.0,0.0,1
18190,102,2,15,14,1.0,1.0,138,138.0,0.0,0.0,1
18196,5,2,139,131,1.0,1.0,195,195.0,0.0,0.0,1
18198,11,14,117,64,1.0,1.0,235,18.076923076923077,3.0,41.0,0
18202,110,3,68,55,1.0,1.0,111,55.5,0.0,0.0,1
18204,20,2,129,113,1.0,1.0,82,82.0,1.0,57.0,0
18211,47,2,15,15,1.0,1.0,142,142.0,3.0,27.0,0
18218,121,2,20,17,1.0,1.0,70,70.0,0.0,0.0,1
18219,59,8,80,49,1.0,1.0,219,31.285714285714285,2.0,34.0,0
18221,26,3,42,40,1.0,1.0,95,47.5,2.0,22.0,0
18223,7,11,188,87,1.0,1.0,261,26.1,3.0,84.0,0
18225,23,7,154,99,1.0,1.0,252,42.0,5.0,113.0,0
18226,31,9,188,107,1.0,1.0,217,27.125,2.0,54.0,0
18229,4,14,113,58,1.0,1.0,279,21.46153846153846,6.0,51.0,0
18230,4,5,69,32,1.0,1.0,208,52.0,2.0,17.0,0
18231,102,5,117,106,1.0,1.0,96,24.0,0.0,0.0,1
18232,68,3,32,29,1.0,1.0,39,19.5,1.0,5.0,0
18235,30,2,53,49,1.0,1.0,97,97.0,1.0,51.0,0
18236,39,4,36,31,1.0,1.0,111,37.0,2.0,13.0,0
18237,2,3,43,37,1.0,1.0,42,21.0,2.0,18.0,0
18239,129,5,88,80,1.0,1.0,153,38.25,0.0,0.0,1
18241,9,11,74,44,1.0,1.0,118,11.8,6.0,30.0,0
18242,106,2,26,26,1.0,1.0,17,17.0,2.0,52.0,0
18245,59,6,120,103,1.0,1.0,205,41.0,1.0,55.0,0
18248,33,2,47,39,1.0,1.0,63,63.0,0.0,0.0,1
18257,24,5,80,66,1.0,1.0,181,45.25,3.0,38.0,0
18260,83,6,133,86,1.0,1.0,185,37.0,0.0,0.0,1
18263,66,2,45,45,1.0,1.0,96,96.0,1.0,16.0,0
18272,24,4,114,76,1.0,1.0,133,44.333333333333336,2.0,52.0,0
18273,6,2,2,1,1.0,1.0,162,162.0,1.0,1.0,0
18283,6,10,411,192,1.0,1.0,241,26.77777777777778,6.0,278.0,0
